<?xml version='1.0' encoding='UTF-8'?>
<?xml-model href="macrogenesis.rnc" type="application/relax-ng-compact-syntax"?><macrogenesis xmlns="http://www.faustedition.net/ns" xmlns:xsi="http://www.w3.org/2001/XMLSchema-instance">
  <!--  / 25/XVIII,1,1 /  / III H1 /  -->
   <date notBefore="1800-04-13" notAfter="1825-04-05">
      <comment>. . .</comment>
      <comment>1800 und 1825</comment>
      <source uri="faust://bibliography/bohnenkamp1994">S.568</source>
      <item uri="faust://document/faustedition/2_III_H.1"/>
   </date>
   <!-- geprüft -->
   <relation name="temp-pre">
      <source uri="faust://bibliography/gsa-datenbank"/>
      <comment>. . .</comment>
      <item uri="faust://document/faustedition/2_III_H.1"/>
      <item uri="faust://document/wa/2_III_H.2"/>
   </relation>
   <!-- geprüft -->
   <!--  / 25/XVIII,1,2a und 25/XVIII,1,2b /  / III H1 /  -->
   <date notBefore="1800-04-13" notAfter="1826-06-24">
      <comment>. . .</comment>
      <comment>1800, 1825 und 1826</comment>
      <source uri="faust://bibliography/gsa-datenbank"/>
      <item uri="faust://document/faustedition/2_III_H.1"/>
   </date>
   <!-- geprüft -->
  <!--  / 25/XVIII,1,2a /  / III H2 /  -->
   <relation name="temp-pre">
      <source uri="faust://bibliography/bohnenkamp1994">S.642</source>
      <item uri="faust://document/faustedition/2_III_H.2_1"/>
      <item uri="faust://document/wa/2_III_H.2"/>
   </relation>
   <!-- geprüft -->
   <!--  / 25/XVIII,1,2b /  / III H2 /  -->
   <date notBefore="1825-02-26">
      <source uri="faust://bibliography/fischer-lamberg1955">S.79</source> 
      <item uri="faust://document/wa/2_III_H.2"/>
   </date>
   <!-- geprüft -->
   <relation name="temp-pre">
      <source uri="faust://bibliography/bohnenkamp1994">S.642</source>
      <item uri="faust://document/faustedition/2_III_H.1"/> 
      <item uri="faust://document/wa/2_III_H.2"/>
   </relation>
   <!-- geprüft -->
   <!--  / 25/XVIII,1,2c:1 /  / (oS) / W_1570 -->
   <!-- 25/XVIII,1,2c:2 / W_1571 -->
   <relation name="temp-pre">
      <source uri="faust://bibliography/gsa-datenbank"/>
      <comment>. . .</comment>
      <item uri="faust://document/faustedition/2_III_H.2a_1"/>
      <item uri="faust://document/wa/2_III_H.7"/>
   </relation>
   <!-- geprüft -->
   <relation name="temp-pre">
      <source uri="faust://bibliography/inventare_2_2">Sp.158</source>
      <comment>. . .</comment>
      <item uri="faust://document/faustedition/2_III_H.2a_5"/>
      <item uri="faust://document/faustedition/2_III_H.2a_1"/>
   </relation>
   <!-- geprüft -->
  <!--  / 25/XVIII,1,2c:3 /  / (oS) /  -->
   <!--  / 25/XVIII,1,2c:4 /  / (oS) / W_1573 -->
   <relation name="temp-pre">
      <source uri="faust://bibliography/inventare_2_2">Sp.158-159</source>
      <comment>. . .</comment>
      <item uri="faust://document/wa/2_III_H.7"/>
      <item uri="faust://document/faustedition/2_III_H.2a_3"/>
   </relation>
   <!-- geprüft -->
   <!--  / 25/XVIII,1,2c:5 /  / (oS) / W_1574 -->
   <relation name="temp-pre">
      <source uri="faust://bibliography/inventare_2_2">Sp.159</source>
      <comment>. . .</comment>
      <item uri="faust://document/faustedition/2_III_H.2a_4"/>
      <item uri="faust://document/wa/2_III_H.7"/>
   </relation>
   <!-- geprüft -->
   <!--  / 25/XVIII,1,2c:6 /  / (oS) /  W_1575-->
   <date type="normalized" notBefore="1825-02-26" notAfter="1829-12-31">
      <comment>zwischen 1825 und 1829 (?)</comment>
      <source uri="faust://bibliography/gsa-datenbank"/>
      <item uri="faust://document/gsa_2/GSA_25_W_1575"/>
   </date> 
   <!-- geprüft -->
  <!--  / 25/XVIII,1,3:1 /  / III H3 /  -->
  <!--  / 25/XVIII,1,3:2 /  / III HIII /  -->
   <date notAfter="1826-06-09">
      <comment>. . Folioheft; bildet zusammen mit  25/XVIII,1,3a III HIII. Datierung auf HS: 9. Jun. 1826</comment>
      <source uri="faust://bibliography/inventare_2_2">Sp.160</source>
      <item uri="faust://document/wa/2_III_H.III"/>
   </date>
   <!-- geprüft -->
   <relation name="temp-pre">
      <source uri="faust://bibliography/inventare_2_2">Sp.160</source>
      <comment>. . .</comment>
      <item uri="faust://document/wa/2_III_H.2"/>
      <item uri="faust://document/wa/2_III_H.III"/>
   </relation>
   <!-- geprüft -->
  <!--  / 25/XVIII,1,3a / UB Bonn / III HIII /  -->
  <!--  / 25/XVIII,1,4 /  / III H4 /  -->
   <date notBefore="1826-03-14" notAfter="1826-06-24">
      <comment>1826</comment>
      <source uri="faust://bibliography/gsa-datenbank"/>
      <item uri="faust://document/wa/2_III_H.III"/>
   </date>
   <!-- geprüft -->
   <relation name="temp-pre">
      <source uri="faust://bibliography/inventare_2_2">Sp.160</source>
      <item uri="faust://document/faustedition/2_III_H.4"/>
      <item uri="faust://document/faustedition/2_III_H.3"/>
   </relation>
   <!-- geprüft -->
  <!--  / 25/XVIII,1,5 /  / III H5 /  -->
   <date notBefore="1825-02-26" notAfter="1825-04-05">
      <comment>Verse 8610-8631 und 8632 Var</comment>
      <source uri="faust://bibliography/bohnenkamp1994">S.573</source>
      <item uri="faust://inscription/faustedition/2_III_H.5/i_uebrige"/>
   </date>
   <!-- geprüft -->
   <date notBefore="1825-02-26" notAfter="1825-04-05">
      <comment>Verse 8587-8590</comment>
      <source uri="faust://bibliography/bohnenkamp1994">S.573</source>
      <source uri="faust://bibliography/fischer-lamberg1955">S.73</source>
      <item uri="faust://inscription/wa/2_III_H.5/r/i_r_r"/>
   </date>
   <!-- geprüft -->
   <date notBefore="1800-04-13" notAfter="1800-11-08">
      <comment>Verse 8587-8590</comment>
      <comment>aus Geists Zeit</comment>
      <source uri="faust://bibliography/wa_I_15_2">S.68,84</source>
      <item uri="faust://inscription/wa/2_III_H.5/r/i_r_r"/>
   </date>
   <!-- geprüft -->
   <relation name="temp-pre">
      <comment>Verse 8587-8590 vor III H1</comment>
      <source uri="faust://bibliography/bohnenkamp1994">S.573</source>
      <source uri="faust://bibliography/fischer-lamberg1955">S.73</source>
      <item uri="faust://inscription/wa/2_III_H.5/r/i_r_r"/>
      <item uri="faust://document/faustedition/2_III_H.1"/>
   </relation>
   <!-- geprüft -->
   <relation name="temp-pre">
      <comment>Verse 8610-8631 und 8632 vor III H8</comment>
      <source uri="faust://bibliography/bohnenkamp1994">S.575</source>
      <item uri="faust://inscription/faustedition/2_III_H.5/i_uebrige"/>
      <item uri="faust://document/wa/2_III_H.8/i_r"/>
   </relation>
   <!-- geprüft -->
  <!--  / 25/XVIII,1,6/  / III H6 /  -->
   <date notBefore="1822-09-30" notAfter="1825-04-05">
      <comment>Inhalt. . .</comment>
      <source uri="faust://bibliography/fischer-lamberg1955">S.87</source>
      <source uri="faust://bibliography/schillemeit1987">S.243</source>
      <item uri="faust://document/faustedition/2_III_H.6_1"/>
   </date>
   <!-- geprüft -->
   <relation name="temp-pre">
      <source uri="faust://bibliography/fischer-lamberg1955">S.93</source>
      <source uri="faust://bibliography/schillemeit1987">S.243</source>
      <comment>Inhalt. . .</comment>
      <item uri="faust://document/faustedition/2_III_H.6_1"/>
      <item uri="faust://document/faustedition/2_III_H.14"/>
   </relation>
   <!-- geprüft -->
   <relation name="temp-pre">
      <source uri="faust://bibliography/fischer-lamberg1955">S.95 (zu Vers 8929)</source>
      <item uri="faust://document/faustedition/2_III_H.6_1"/>
      <item uri="faust://document/faustedition/2_III_H.17"/>
   </relation>
   <!-- geprüft -->
   <!--  / 25/XVIII,1,6:2 /  / III H6a /  -->
   <date notBefore="1825-02-26" notAfter="1825-04-05">
      <comment>Frühjahr 1825</comment>
      <source uri="faust://bibliography/fischer-lamberg1955">S.87</source>
      <source uri="faust://bibliography/schillemeit1987">S.243</source>
      <item uri="faust://document/faustedition/2_III_H.6_2"/>
   </date>
   <!-- geprüft -->
   <relation name="temp-pre">
      <source uri="faust://bibliography/fischer-lamberg1955">S.87</source>
      <source uri="faust://bibliography/bohnenkamp1994">S.600</source>
      <item uri="faust://document/faustedition/2_III_H.6_2"/>
      <item uri="faust://document/wa/2_III_H.6"/>
   </relation>
   <!-- geprüft -->
      <relation name="temp-pre">
         <source uri="faust://bibliography/bohnenkamp1994">S.600</source>
         <source uri="faust://bibliography/schillemeit1987">S.243</source>
         <comment>Inhalt. . .</comment>
         <item uri="faust://document/faustedition/2_III_H.6_2"/>
         <item uri="faust://document/faustedition/2_III_H.1"/>
      </relation>
      <!-- geprüft -->
   <!--  / 25/XVIII,1,7:1 /  / III H7 /  -->
   <date notBefore="1826-05-10" notAfter="1826-05-25">
      <comment>Mai 1826 (?)</comment>
      <source uri="faust://bibliography/gsa-datenbank"/>
      <item uri="faust://document/faustedition/2_III_H.7_1"/>
   </date>
   <!-- geprüft -->
   <relation name="temp-pre">
      <source uri="faust://bibliography/inventare_2_2">Sp.162</source>
      <item uri="faust://document/faustedition/2_III_H.2a_1"/>
      <item uri="faust://document/faustedition/2_III_H.7_1"/>
   </relation>
   <!-- geprüft -->
   <relation name="temp-syn">
      <source uri="faust://bibliography/fischer-lamberg1955">S.88</source>
      <item uri="faust://document/faustedition/2_III_H.67"/>
      <item uri="faust://document/faustedition/2_III_H.7_1"/>
   </relation>
   <!-- geprüft -->
   <!--  / 25/XVIII,1,7:2 /  / III H7 / -->
   <relation name="temp-pre">
      <source uri="faust://bibliography/inventare_2_2">Sp.162</source>
      <item uri="faust://document/faustedition/2_III_H.2a_4"/>
      <item uri="faust://document/faustedition/2_III_H.7_2"/>
   </relation>
   <!-- geprüft -->
   <relation name="temp-pre">
      <source uri="faust://bibliography/inventare_2_2">Sp.162</source>
      <item uri="faust://document/faustedition/2_III_H.2a_4"/>
      <item uri="faust://document/faustedition/2_III_H.7_2"/>
   </relation>
   <!-- geprüft -->
  <!--  / 25/XVIII,1,7:3 /  / III H7 /  -->
   <date notBefore="1826-05-10" notAfter="1826-05-25">
      <comment>Mai 1826 (?)</comment>
      <source uri="faust://bibliography/gsa-datenbank"/>
      <source uri="faust://bibliography/fischer-lamberg1955">S.88</source>
      <item uri="faust://document/faustedition/2_III_H.7_3"/>
   </date>
   <!-- geprüft -->
   <relation name="temp-pre">
      <source uri="faust://bibliography/inventare_2_2">Sp.162</source>
      <item uri="faust://document/faustedition/2_III_H.7_3"/>
      <item uri="faust://document/faustedition/2_III_H.2a_3"/>
   </relation>
   <!-- geprüft -->
   <relation name="temp-pre">
      <source uri="faust://bibliography/fischer-lamberg1955">S.88</source>
      <item uri="faust://document/faustedition/2_III_H.22"/>
      <item uri="faust://document/faustedition/2_III_H.7_3"/>
   </relation>
   <!-- geprüft -->
  <!--  / 25/XVIII,1,7:4 /  / III H7 /  -->
   <date notBefore="1826-05-10" notAfter="1826-05-25">
      <commnet>Mai 1826</commnet>
      <comment>. Konzept zu Widmung an Carl Victor Meyer, Beilage zu Brief an N. Meyer, 25.6.1826 (WA IV 41, S. 77). .</comment>
      <source uri="faust://bibliography/inventare_2_2">Sp.163</source>
      <source uri="faust://bibliography/gsa-datenbank"/>
      <item uri="faust://document/faustedition/2_III_H.7_4"/>
   </date>
   <!-- geprüft -->
   <date type="normalized" notBefore="1826-05-05" notAfter="1826-05-14">
      <commnet>um den 09.05.1826</commnet>
      <comment>. Konzept zu Widmung an Carl Victor Meyer, Beilage zu Brief an N. Meyer, 25.6.1826 (WA IV 41, S. 77). .</comment>
      <source uri="faust://bibliography/fischer-lamberg1955">S.88</source>
      <source uri="faust://self"/>
      <item uri="faust://document/faustedition/2_III_H.7_4"/>
   </date>
   <!-- geprüft -->
  <!--  / 25/XVIII,1,7:5 /  / III H7 /  -->
   <date type="normalized" notBefore="1826-03-25" notAfter="1826-06-24">
      <comment>Frühjahr 1825 (?)</comment>
      <source uri="faust://bibliography/gsa-datenbank"/>
      <item uri="faust://document/faustedition/2_III_H.7_5"/>
   </date>
   <!-- geprüft -->
   <relation name="temp-pre">
      <source uri="faust://bibliography/bohnenkamp1994">S.406</source>
      <item uri="faust://document/faustedition/2_III_H.7_5"/>
      <item uri="faust://document/faustedition/H_P140"/>
   </relation>
   <!-- geprüft -->
  <!--  / 25/XVIII,1,8 /  / III H8 /  -->
   <date notBefore="1825-02-26" notAfter="1825-04-05">
      <comment>Papier, Inhalt. . .</comment>
      <comment>1825 (Verse)</comment>
      <source uri="faust://bibliography/bohnenkamp1994">S.575</source> 
      <item uri="faust://inscription/faustedition/2_III_H.8/i_r"/>
   </date>
   <!-- geprüft -->
   <date notBefore="1800-04-13" notAfter="1800-11-08">
      <comment>1800; RS von III H.8</comment>
      <source uri="faust://bibliography/niejahr1894">S.86</source>
      <item uri="faust://inscription/faustedition/2_III_H.8/i_v"/>
   </date>
   <!-- geprüft -->
   <date notBefore="1825-03-02" notAfter="1825-03-31">
      <comment>März 1825; RS von III H.8</comment>
      <source uri="faust://bibliography/bohnenkamp1994">S.575</source>
      <item uri="faust://inscription/faustedition/2_III_H.8/i_v"/>
   </date>
   <!-- geprüft -->
   <relation name="temp-pre">
      <source uri="faust://bibliography/fischer-lamberg1955">S.91</source>
      <comment>Papier, Inhalt. . .</comment>
      <item uri="faust://document/faustedition/2_III_H.5"/>
      <item uri="faust://inscription/faustedition/2_III_H.8/i_r"/>
   </relation>
   <!-- geprüft -->
  <!--  / 25/XVIII,1,9 /  / III H9 /  -->
   <date type="normalized" notBefore="1799-07-01" notAfter="1800-06-30">
      <comment>um 1800</comment>
      <source uri="faust://bibliography/bohnenkamp1994">S.553</source>
      <source uri="faust://bibliography/fischer-lamberg1955">S.90-91</source>
      <item uri="faust://document/faustedition/2_III_H.9"/>
   </date>
   <!-- geprüft -->
   <date type="normalized" notAfter="1800-01-01">
      <comment>vor 1800</comment>
      <source uri="faust://bibliography/fischer-lamberg1955">S.90-91</source>
      <source uri="faust://bibliography/bohnenkamp1994">S.553</source>
      <item uri="faust://document/faustedition/2_III_H.9"/>
   </date>
   <!-- geprüft -->
   <relation name="temp-pre">
      <source uri="faust://bibliography/fischer-lamberg1955">S.90-91</source>
      <comment>. . .</comment>
      <item uri="faust://document/faustedition/2_III_H.9"/>
      <item uri="faust://document/faustedition/2_III_H.1"/>
   </relation>
   <!-- geprüft -->
  <!--  / 25/XVIII,1,10 /  / III H10 /  -->
   <date type="normalized" notBefore="1799-07-01" notAfter="1800-06-30">
      <comment>Um oder vor 1800, Zuordnung P171 unischer</comment>
      <comment>Inhalt, Papier. . .</comment>
      <source uri="faust://bibliography/fischer-lamberg1955">S.74</source> 
      <source uri="faust://bibliography/bohnenkamp1994">S.550</source>
      <item uri="faust://document/faustedition/2_III_H.10"/>
   </date>
   <!-- geprüft -->
   <date type="normalized" notAfter="1800-01-01">
      <comment>vor 1800</comment>
      <comment>Inhalt, Papier. . .</comment>
      <source uri="faust://bibliography/fischer-lamberg1955">S.74</source> 
      <source uri="faust://bibliography/bohnenkamp1994">S.550</source>
      <item uri="faust://document/faustedition/2_III_H.10"/>
   </date>
   <!-- geprüft -->
   <relation name="temp-pre">
      <source uri="faust://bibliography/bohnenkamp1994">S.550</source>
      <comment>Inhalt, Papier. . .</comment>
      <item uri="faust://document/faustedition/2_III_H.10"/>
      <item uri="faust://document/faustedition/2_III_H.1"/>
   </relation>
   <!-- geprüft -->
  <!--  / 25/XVIII,1,11 /  / III H11 /  -->
   <date notBefore="1825-02-26" notAfter="1825-05-29">
      <comment>1825 (?)</comment>
      <source uri="faust://bibliography/gsa-datenbank"/>
      <item uri="faust://document/faustedition/2_III_H.11"/>
   </date>
   <!-- geprüft -->
   <relation name="temp-pre">
      <source uri="faust://bibliography/inventare_2_2">Sp.165</source>
      <item uri="faust://document/faustedition/2_III_H.11"/>
      <item uri="faust://document/faustedition/2_III_H.1"/>
   </relation>
   <!-- geprüft -->
  <!--  / 25/XVIII,1,12 /  / III H12 /  -->
   <date notBefore="1825-02-26" notAfter="1825-04-05">
      <comment>Inhalt, Duktus. . .</comment>
      <comment>Frühjahr 1825</comment>
      <source uri="faust://bibliography/fischer-lamberg1955">S.92</source>
      <source uri="faust://bibliography/grumach1958">S.58-60</source>
      <source uri="faust://bibliography/bohnenkamp1994">S.571</source>
      <item uri="faust://document/faustedition/2_III_H.12"/>
   </date>
   <!-- geprüft -->
   <relation name="temp-pre">
      <source uri="faust://bibliography/grumach1958">S.58-60</source>
      <source uri="faust://bibliography/bohnenkamp1994">S.571</source>
      <comment>Inhalt, Duktus. . .</comment>
      <item uri="faust://inscription/wa/2_H_P167/i_uebrige"/>
      <item uri="faust://document/faustedition/2_III_H.12"/>
   </relation>
   <!-- geprüft -->
   <relation name="temp-pre">
      <source uri="faust://bibliography/grumach1958">S.58-60</source>
      <source uri="faust://bibliography/bohnenkamp1994">S.571</source>
      <comment>Inhalt, Duktus. . .</comment>
      <item uri="faust://document/faustedition/H_P84"/>
      <item uri="faust://document/faustedition/2_III_H.12"/>
   </relation>
   <!-- geprüft -->
  <!--  / 25/XVIII,2,1 /  / III H13 /  -->
   <date notBefore="1825-03-02" notAfter="1825-03-31">
      <comment>März 1825</comment>
      <comment>Inhalt, Tinte. . .</comment>
      <source uri="faust://bibliography/bohnenkamp1994">S.584</source>
      <item uri="faust://document/faustedition/2_III_H.13"/>
   </date>
   <!-- geprüft -->
   <relation name="temp-pre">
      <source uri="faust://bibliography/fischer-lamberg1955">S.93</source>
      <comment>Inhalt, Tinte. . .</comment>
      <item uri="faust://document/faustedition/2_III_H.13"/>
      <item uri="faust://document/faustedition/2_III_H.1"/>
   </relation>
   <!-- geprüft -->
  <!--  / 25/XVIII,2,2 /  / III H14 /  -->
   <date notAfter="1825-04-20">
      <comment>Inhalt. . .</comment>
      <source uri="faust://bibliography/bohnenkamp1994">S.584</source>
      <item uri="faust://document/faustedition/2_III_H.14"/>
   </date> 
   <!-- geprüft -->
   <relation name="temp-pre">
      <source uri="faust://bibliography/bohnenkamp1994">S.584</source>
      <comment>Inhalt. . .</comment>
      <item uri="faust://document/faustedition/2_III_H.13"/>
      <item uri="faust://document/faustedition/2_III_H.14"/>
   </relation>
   <!-- geprüft -->
   <relation name="temp-pre">
      <source uri="faust://bibliography/bohnenkamp1994">S.584</source>
      <comment>Inhalt. . .</comment>
      <item uri="faust://document/faustedition/2_III_H.14"/>
      <item uri="faust://document/faustedition/2_III_H.1"/>
   </relation>
   <!-- geprüft -->
  <!--  / 25/XVIII,2,3 /  / III H15 /  -->
   <date notBefore="1822-09-30">
      <comment>Inhalt. im Zusammenhang mit III H6 entstanden. .</comment>
      <source uri="faust://bibliography/fischer-lamberg1955">S.93)</source>
      <item uri="faust://document/faustedition/2_III_H.15"/>
   </date>
   <!-- geprüft -->
   <relation name="temp-pre">
      <source uri="faust://bibliography/fischer-lamberg1955">S.94</source>
      <comment>Inhalt. im Zusammenhang mit III H6 entstanden. .</comment>
      <item uri="faust://document/faustedition/2_III_H.15"/>
      <item uri="faust://document/faustedition/2_III_H.16"/>
   </relation>
   <!-- geprüft -->
   <relation name="temp-pre">
      <source uri="faust://bibliography/fischer-lamberg1955">S.94</source>
      <comment>Inhalt. im Zusammenhang mit III H6 entstanden. .</comment>
      <item uri="faust://document/faustedition/2_III_H.15"/>
      <item uri="faust://document/faustedition/2_III_H.17"/>
   </relation>
   <!-- geprüft -->
  <!--  / 25/XVIII,2,4 /  / III H16 /  -->
   <relation name="temp-pre">
      <source uri="faust://bibliography/fischer-lamberg1955">S.94-95</source>
      <comment>Inhalt; Bezug auf Brief auf Hs. auf Brief von F. v. Müller an Goethe "Eben erst finde ich bey meiner Heimkunft ..." , zwischen Mitte März und 5.4.1825 (?). .</comment>
      <item uri="faust://document/faustedition/2_III_H.15"/>
      <item uri="faust://document/faustedition/2_III_H.16"/>
   </relation>
   <!-- geprüft -->
   <relation name="temp-pre">
      <source uri="faust://bibliography/fischer-lamberg1955">S.94-95</source>
      <comment>Inhalt; Bezug auf Brief auf Hs. auf Brief von F. v. Müller an Goethe "Eben erst finde ich bey meiner Heimkunft ..." , zwischen Mitte März und 5.4.1825 (?). .</comment>
      <item uri="faust://document/faustedition/2_III_H.16"/>
      <item uri="faust://document/faustedition/2_III_H.17"/>
   </relation>
   <!-- geprüft -->
  <!--  / 25/XVIII,2,5 /  / III H17 /  -->
   <date notBefore="1825-02-26" notAfter="1825-04-05">
      <comment>. . (falsche Bohnenkamp-Seitenzahl bei Gruß: "568").</comment>
      <comment>Frühjahr 1825</comment>
      <source uri="faust://bibliography/bohnenkamp1994">S.587</source>
      <item uri="faust://document/faustedition/2_III_H.17"/>
   </date>
   <!-- geprüft -->
   <relation name="temp-pre">
      <source uri="faust://bibliography/fischer-lamberg1955">S.94-95</source>
      <item uri="faust://document/faustedition/2_III_H.13"/>
      <item uri="faust://document/faustedition/2_III_H.17"/>
   </relation>
   <!-- geprüft -->
   <relation name="temp-pre">
      <source uri="faust://bibliography/fischer-lamberg1955">S.94-95</source>
      <item uri="faust://document/faustedition/2_III_H.14"/>
      <item uri="faust://document/faustedition/2_III_H.17"/>
   </relation>
   <!-- geprüft -->
   <relation name="temp-pre">
      <source uri="faust://bibliography/fischer-lamberg1955">S.94-95</source>
      <item uri="faust://document/faustedition/2_III_H.15"/>
      <item uri="faust://document/faustedition/2_III_H.17"/>
   </relation>
   <!-- geprüft -->
   <relation name="temp-pre">
      <source uri="faust://bibliography/fischer-lamberg1955">S.94-95</source>
      <item uri="faust://document/faustedition/2_III_H.16"/>
      <item uri="faust://document/faustedition/2_III_H.17"/>
   </relation>
   <!-- geprüft -->
   <relation name="temp-pre">
      <source uri="faust://bibliography/fischer-lamberg1955">S.94-95</source>
      <item uri="faust://document/wa/2_III_H.6"/>
      <item uri="faust://document/faustedition/2_III_H.17"/>
   </relation>
   <!-- geprüft -->
   <relation name="temp-pre">
      <source uri="faust://bibliography/fischer-lamberg1955">S.94-95</source>
      <item uri="faust://document/faustedition/2_III_H.18"/>
      <item uri="faust://document/faustedition/2_III_H.17"/>
   </relation>
   <!-- geprüft -->
   <relation name="temp-pre">
      <source uri="faust://bibliography/fischer-lamberg1955">S.94-95</source>
      <item uri="faust://document/faustedition/2_III_H.19"/>
      <item uri="faust://document/faustedition/2_III_H.17"/>
   </relation>
   <!-- geprüft -->
   <relation name="temp-pre">
      <source uri="faust://bibliography/fischer-lamberg1955">S.94-95</source>
      <item uri="faust://document/faustedition/2_III_H.20"/>
      <item uri="faust://document/faustedition/2_III_H.17"/>
   </relation>
   <!-- geprüft -->
   <relation name="temp-pre">
      <source uri="faust://bibliography/fischer-lamberg1955">S.94-95</source>
      <item uri="faust://document/faustedition/2_III_H.24"/>
      <item uri="faust://document/faustedition/2_III_H.17"/>
   </relation>
   <!-- geprüft -->
  <!--  / 25/XVIII,2,6 /  / III H18 /  -->
   <date notBefore="1822-09-30">
      <source uri="faust://bibliography/fischer-lamberg1955">S.95</source>
      <item uri="faust://document/faustedition/2_III_H.18"/>
   </date>
   <!-- geprüft -->
   <relation name="temp-pre">
      <source uri="faust://bibliography/fischer-lamberg1955">S.94-95</source>
      <comment>Inhalt. . .</comment>
      <item uri="faust://document/faustedition/2_III_H.18"/>
      <item uri="faust://document/faustedition/2_III_H.17"/>
   </relation>
   <!-- geprüft -->
  <!--  / 25/XVIII,2,7 /  / III H19 /  -->
   <relation name="temp-pre">
      <source uri="faust://bibliography/fischer-lamberg1955">S.94-95</source>
      <comment>Inhalt. auf Brief von J. K. Wesselhöft an Goethe, 01.10.1824. .</comment>
      <item uri="faust://document/faustedition/2_III_H.19"/>
      <item uri="faust://document/faustedition/2_III_H.17"/>
   </relation>
   <!-- geprüft -->
  <!--  / 25/XVIII,2,8 /  / III H20 /  -->
   <relation name="temp-pre">
      <source uri="faust://bibliography/fischer-lamberg1955">S.94-95</source>
      <comment>Inhalt. . auf Konzept zu amtlichem Schriftstück: "... gnädigsten Zuschusses bedürfen weßhalb wir den Vorschlag thun ...".</comment>
      <item uri="faust://document/faustedition/2_III_H.20"/>
      <item uri="faust://document/faustedition/2_III_H.17"/>
   </relation>
   <!-- geprüft -->
  <!--  / 25/XVIII,2,9 /  / III H21 /  -->
   <relation name="temp-pre">
      <source uri="faust://bibliography/inventare_2_2">Sp.170</source>
      <comment>. . .</comment>
      <item uri="faust://document/faustedition/2_III_H.20"/>
      <item uri="faust://document/faustedition/2_III_H.21"/>
   </relation>
   <!-- geprüft -->
   <relation name="temp-pre">
      <source uri="faust://bibliography/inventare_2_2">Sp.170</source>
      <comment>. . .</comment>
      <item uri="faust://document/faustedition/2_III_H.21"/>
      <item uri="faust://document/faustedition/2_III_H.17"/>
   </relation>
   <!-- geprüft -->
  <!--  / 25/XVIII,2,10 /  / III H22 /  -->
  <!--  / 25/XVIII,2,11 /  / III H23 /  -->
  <!--  / 25/XVIII,2,12 /  / III H24 /  -->
   <relation name="temp-pre">
      <source uri="faust://bibliography/fischer-lamberg1955">S.94-95</source>
      <comment>Inhalt. . .</comment>
      <item uri="faust://document/faustedition/2_III_H.24"/>
      <item uri="faust://document/faustedition/2_III_H.17"/>
   </relation>
   <!-- geprüft -->
  <!--  / 25/XVIII,2,13 /  / III H25 /  -->
  <!--  / 25/XVIII,2,14 /  / III H26 /  -->
   <relation name="temp-pre">
      <source uri="faust://bibliography/bohnenkamp1994">S.595</source>
      <comment>Inhalt. . .</comment>
      <item uri="faust://document/faustedition/2_III_H.30"/>
      <item uri="faust://document/faustedition/2_III_H.26"/>
   </relation>
   <!-- geprüft -->
   <relation name="temp-pre">
      <source uri="faust://bibliography/bohnenkamp1994">S.595</source>
      <comment>Inhalt. . .</comment>
      <item uri="faust://document/faustedition/2_III_H.26"/>
      <item uri="faust://document/faustedition/H_P165"/>
   </relation>
   <!-- geprüft -->
  <!--  / 25/XVIII,2,15 /  / III H27 /  -->
   <date type="normalized" notBefore="1825-03-25" notAfter="1825-04-04">
      <comment>um  30.3.1825 (8936-8944, VS)</comment>
      <comment>Inhalt. . bildete ursprünglich mit  III H49 einen Foliobogen.</comment>
      <source uri="faust://bibliography/bohnenkamp1994">S.609</source>
      <item uri="faust://inscription/faustedition/2_III_H.27/i_r"/>
   </date>
   <!-- geprüft -->
   <date notAfter="1825-04-05">
      <comment>vor 5.4.1825 (RS)</comment>
      <comment>Inhalt. . bildete ursprünglich mit  III H49 einen Foliobogen.</comment>
      <source uri="faust://bibliography/bohnenkamp1994">S.609</source>
      <item uri="faust://inscription/faustedition/2_III_H.27/i_v"/>
   </date>
   <!-- geprüft -->
  <!--  / 25/XVIII,2,16 /  / III H28 /  -->
   <date notBefore="1825-02-26" notAfter="1825-04-05">
      <comment>Frühjahr 1825</comment>
      <comment>Inhalt. . bildete ursprünglich mit  III H49 einen Foliobogen.</comment>
      <source uri="faust://bibliography/inventare_2_2">Sp.173</source>
      <source uri="faust://bibliography/gsa-datenbank"/>
      <item uri="faust://document/faustedition/2_III_H.28"/>
   </date>
   <!-- geprüft -->
  <!--  / 25/XVIII,2,17 /  / III H29 /  -->
  <!--  / 25/XVIII,2,18 /  / III H30 /  -->
   <date notBefore="1825-02-26" notAfter="1825-03-07">
      <comment>Frühling 1825</comment>
      <comment>. . auf Umschlag mit Adresse der Oberaufsicht über die unmittelbaren Anstalten für Wissenschaft und Kunst.</comment>
      <source uri="faust://bibliography/bohnenkamp1994">S.592</source>
      <item uri="faust://document/faustedition/2_III_H.30"/>
   </date>
   <!-- geprüft -->
   <relation name="temp-pre">
      <source uri="faust://bibliography/bohnenkamp1994">S.592,598</source>
      <comment>. . auf Umschlag mit Adresse der Oberaufsicht über die unmittelbaren Anstalten für Wissenschaft und Kunst.</comment>
      <item uri="faust://document/faustedition/2_III_H.30"/>
      <item uri="faust://document/faustedition/2_III_H.1"/>
   </relation>
   <!-- geprüft -->
   <relation name="temp-pre">
      <source uri="faust://bibliography/fischer-lamberg1955">S.101</source>
      <item uri="faust://document/faustedition/2_III_H.31"/>
      <item uri="faust://document/faustedition/2_III_H.30"/>
   </relation>
   <!-- geprüft -->
   <relation name="temp-pre">
      <source uri="faust://bibliography/bohnenkamp1994">S.592</source>
      <comment>. . auf Umschlag mit Adresse der Oberaufsicht über die unmittelbaren Anstalten für Wissenschaft und Kunst.</comment>
      <item uri="faust://document/faustedition/2_III_H.30"/>
      <item uri="faust://document/faustedition/2_III_H.26"/>
   </relation>
   <!-- geprüft -->
   <relation name="temp-pre">
      <source uri="faust://bibliography/bohnenkamp1994">S.592</source>
      <comment>. . auf Umschlag mit Adresse der Oberaufsicht über die unmittelbaren Anstalten für Wissenschaft und Kunst.</comment>
      <item uri="faust://document/faustedition/2_III_H.30"/>
      <item uri="faust://document/faustedition/H_P165"/>
   </relation>
   <!-- geprüft -->
  <!--  / 25/XVIII,2,19 /  / III H31 /  -->
   <date notBefore="1825-03-09" notAfter="1825-03-31">
      <comment>Nach 09.03.1825, zweite Märzhälfte</comment>
      <comment>Bezug auf Theaterzettel auf Hs. Theaterprogramm, 9.3.1825. zur Ergänzung in III H33 bestimmt.</comment>
      <source uri="faust://bibliography/bohnenkamp1994">S.598</source>
      <item uri="faust://document/faustedition/2_III_H.31"/>
   </date>
   <!-- geprüft -->
   <relation name="temp-pre">
      <source uri="faust://bibliography/fischer-lamberg1955">S.101</source>
      <item uri="faust://document/faustedition/2_III_H.31"/>
      <item uri="faust://document/faustedition/2_III_H.30"/>
   </relation>
   <!-- geprüft -->
  <!--  / 25/XVIII,2,20 /  / III H32 /  -->
   <date notBefore="1825-02-26" notAfter="1825-05-29">
   <comment>1825</comment>
   <source uri="faust://bibliography/gsa-datenbank"/>
   <item uri="faust://document/faustedition/2_III_H.31"/>
   </date>
   <!-- geprüft -->
   <relation name="temp-pre">
      <source uri="faust://bibliography/inventare_2_2">Sp.175</source>
      <comment>. . .</comment>
      <item uri="faust://document/faustedition/2_III_H.31"/>
      <item uri="faust://document/faustedition/2_III_H.32"/>
   </relation>
   <!-- geprüft -->
  <!--  / 25/XVIII,2,21 /  / III H33 /  -->
  <!--  / 25/XVIII,2,22 /  / III H33a /  -->
  <relation name="temp-pre">
     <source uri="faust://bibliography/inventare_2_2">Sp.175</source>
     <comment>Vorlage für die Ergänzung auf III H2 (25/XVIII,1,2a)</comment>
      <item uri="faust://document/faustedition/2_III_H.33a"/>
     <item uri="faust://document/wa/2_III_H.2"/>
  </relation>
   <!-- geprüft -->
   <relation name="temp-pre">
      <source uri="faust://bibliography/inventare_2_2">Sp.175</source>
      <item uri="faust://document/faustedition/2_III_H.59"/>
      <item uri="faust://document/faustedition/2_III_H.33a"/>
   </relation>
   <!-- geprüft -->
  <!--  / 25/XVIII,2,23 /  / III H34 /  -->
   <date notBefore="1825-02-26" notAfter="1825-04-05">
      <comment>Frühjahr 1825</comment>
      <source uri="faust://bibliography/bohnenkamp1994">S.599</source>
      <item uri="faust://document/faustedition/2_III_H.34"/>
   </date>
   <!-- geprüft -->
  <!--  / 25/XVIII,2,24 /  / III H35 /  -->
  <!--  / 25/XVIII,2,25 /  / III H36 /  -->
   <date notBefore="1825-02-26" notAfter="1825-04-05">
      <comment>Frühjahr 1825</comment>
      <source uri="faust://bibliography/bohnenkamp1994">S.606</source>
      <item uri="faust://document/faustedition/2_III_H.36"/>
   </date>
   <!-- geprüft -->
   <relation name="temp-pre">
      <source uri="faust://bibliography/bohnenkamp1994">S.606</source>
      <comment>. . .</comment>
      <item uri="faust://document/faustedition/2_III_H.36"/>
      <item uri="faust://document/faustedition/2_III_H.1"/>
   </relation>
   <!-- geprüft -->
  <!--  / 25/XVIII,2,26 /  / III H37 /  -->
  <!--  / 25/XVIII,2,27 /  / III H38 /  -->
  <!--  / 25/XVIII,2,28 /  / III H39 /  -->
   <date notBefore="1824-12-05">
      <comment>Bezug auf Brief auf Hs. Konzept zu Brief an unbekannten Empfänger, 05.12.1824. .</comment>
      <source uri="faust://bibliography/inventare_2_2">Sp.178</source>
      <item uri="faust://document/faustedition/2_III_H.39"/>
   </date>
   <!-- geprüft -->
  <!--  / 25/XVIII,2,29 /  / III H40 /  -->
   <date notBefore="1824-12-06">
      <comment>Datierung auf Hs. auf Jenaer Torzettel, 14.4.1795. .</comment>
      <comment>Ueberlieferte Datierung: 5. Decbr 1824</comment>
      <source uri="faust://bibliography/inventare_2_2">Sp.178</source>
      <item uri="faust://document/faustedition/2_III_H.40"/>
   </date>
   <!-- geprüft -->
  <!--  / 25/XVIII,2,30 /  / III H41 /  -->
   <date notBefore="1824-11-18">
      <source uri="faust://bibliography/gsa-datenbank"/>
      <item uri="faust://document/faustedition/2_III_H.41"/>
   </date>
   <!-- geprüft -->
  <!--  / 25/XVIII,2,31 /  / III H42 /  -->
   <date notBefore="1825-03-29" notAfter="1825-03-29">
      <comment>. . .</comment>
      <source uri="faust://bibliography/bohnenkamp1994">S.604</source>
      <source uri="faust://bibliography/schillemeit1987">S.242-243</source>
      <item uri="faust://document/faustedition/2_III_H.42"/>
   </date>
   <!-- geprüft -->
   <date notBefore="1825-03-04" notAfter="1825-03-04">
      <comment>. . .</comment>
      <source uri="faust://bibliography/fischer-lamberg1955">S.108</source>
      <item uri="faust://document/faustedition/2_III_H.42"/>
   </date>
   <!-- geprüft -->
   <relation name="temp-pre">
      <source uri="faust://bibliography/fischer-lamberg1955">S.108</source>
      <comment>. . .</comment>
      <item uri="faust://document/faustedition/2_III_H.42"/>
      <item uri="faust://document/faustedition/2_III_H.1"/>
   </relation>
  <!-- geprüft -->
  <!--  / 25/XVIII,2,32 /  / III H43 /  -->
   <date notBefore="1826-03-14" notAfter="1826-04-14">
      <comment>Inhalt. . .</comment>
      <comment>Anfang 1826</comment>
      <source uri="faust://bibliography/fischer-lamberg1955">S.109</source>
      <item uri="faust://document/faustedition/2_III_H.43"/>
   </date>
   <!-- geprüft -->
   <relation name="temp-pre">
      <source uri="faust://bibliography/fischer-lamberg1955">S.109</source>
      <source uri="faust://bibliography/bohnenkamp1994">S.631</source>
      <comment>Inhalt. . .</comment>
      <item uri="faust://document/faustedition/H_P166a"/>
      <item uri="faust://document/faustedition/2_III_H.43"/>
   </relation>
   <!-- geprüft -->
  <!--  / 25/XVIII,2,33 /  / III H44 /  -->
  <!--  / 25/XVIII,2,34 /  / III H45 /  -->
   <relation name="temp-pre">
      <source uri="faust://bibliography/inventare_2_2">Sp.180</source>
      <comment>. . .</comment>
      <item uri="faust://document/faustedition/2_III_H.45"/>
      <item uri="faust://document/wa/2_III_H.2"/>
   </relation>
   <!-- geprüft -->
  <!--  / 25/XVIII,2,35 /  / III H46 /  -->
   <date notAfter="1826-03-31">
      <comment>Inhalt. . .</comment>
      <comment>Ueberlieferte Datierung: 31. März 1826</comment>
      <source uri="faust://bibliography/inventare_2_2">Sp.180</source>
      <item uri="faust://document/faustedition/2_III_H.46"/>
   </date>
   <!-- geprüft -->
  <!--  / 25/XVIII,2,36 /  / III H47 /  -->
   <date type="normalized" notBefore="1825-02-26" notAfter="1826-03-26">
      <comment>1825/bis Ende März 1826 </comment>
      <comment>. auf Umschlag mit Adresse Goethes, J. W. Hoffmann mit Siegelabdruck "Wilh. Hoffmann". .</comment>
      <source uri="faust://bibliography/gsa-datenbank"/>
      <item uri="faust://document/faustedition/2_III_H.47"/>
   </date>
   <!-- geprüft -->
  <!--  / 25/XVIII,2,37 /  / III H48 /  -->
   <date notBefore="1825-02-26" notAfter="1826-06-24">
      <comment>1825/1826 </comment>
      <source uri="faust://bibliography/gsa-datenbank"/>
      <item uri="faust://document/faustedition/2_III_H.47"/>
   </date>
   <!-- geprüft -->
  <!--  / 25/XVIII,2,38 /  / III H49 /  -->
   <date notAfter="1825-05-05">
      <comment>Verse vor 05.04.1825</comment>
      <source uri="faust://bibliography/bohnenkamp1994">S.401-403</source>
      <item uri="faust://inscription/faustedition/2_III_H.49/i_uebrige"/>
   </date>
   <!-- geprüft -->
   <date notBefore="1826-03-14" notAfter="1826-03-26">
      <comment>März 1826</comment>
      <source uri="faust://bibliography/schillemeit1985">S.50</source>
      <item uri="faust://inscription/faustedition/2_III_H.49/i_r_u"/>
   </date>
   <!-- geprüft -->
   <relation name="temp-pre">
      <source uri="faust://bibliography/schillemeit1985">S.50</source>
      <source uri="faust://bibliography/bohnenkamp1994">S.401-403</source>
      <source uri="faust://bibliography/fischer-lamberg1955">S.113</source>
      <comment>. . gehörte ursprünglich mit III H27 zu einem Bogen.</comment>
      <item uri="faust://inscription/faustedition/2_III_H.49/i_uebrige"/>
      <item uri="faust://document/wa/2_III_H.2"/>
   </relation>
   <!-- geprüft -->
  <!--  / 25/XVIII,2,39 /  / III H50 /  -->
  <!--  / 25/XVIII,2,40 /  / III H51 /  -->
   <date type="normalized" notBefore="1826-04-09" notAfter="1826-04-19">
      <comment>Frühjahr 1826, um den 14.04.1826</comment>
      <comment>Brief an C. G. Frege und Co., 14.4.1826</comment>
      <source uri="faust://bibliography/inventare_2_2">Sp.182</source>
      <item uri="faust://document/faustedition/2_III_H.51"/>
   </date>
   <!-- geprüft -->
  <!--  / 25/XVIII,3,1 /  / III H52 /  -->
   <relation name="temp-pre">
      <source uri="faust://bibliography/inventare_2_2">Sp.182</source>
      <comment>. . gehörte ursprünglich III H2.</comment>
      <item uri="faust://document/faustedition/2_III_H.52"/>
      <item uri="faust://document/wa/2_III_H.2"/>
   </relation>
   <!-- geprüft -->
  <!--  / 25/XVIII,3,2 /  / III H53 /  -->
   <date notBefore="1825-06-14">
      <comment>Bezug auf Tagebucheintrag. Tagebucheintrag vom 14.-16. Juni 1825. ursprünglich Teil der Druckvorlage zu C.1 Bd 4, 1827.</comment>
      <source uri="faust://bibliography/bohnenkamp1994">S.628</source>
      <item uri="faust://document/faustedition/2_III_H.53"/>
   </date>
   <!-- geprüft -->
   <date notBefore="1825-06-22">
      <comment>Bezug auf Tagebucheintrag. Tagebucheintrag vom 14.-16. Juni 1825. ursprünglich Teil der Druckvorlage zu C.1 Bd 4, 1827.</comment>
      <source uri="faust://bibliography/fischer-lamberg1955">S.117</source>
      <item uri="faust://document/faustedition/2_III_H.53"/>
   </date>
   <!-- geprüft -->
  <!--  / 25/XVIII,3,3 /  / III H54 /  -->
  <!--  / 25/XVIII,3,4 /  / III H55 /  -->
   <date notBefore="1826-03-14" notAfter="1826-06-24">
      <comment>Inhalt, Schrift. . .</comment>
      <comment>Frühjahr 1826</comment>
      <source uri="faust://bibliography/bohnenkamp1994">S.640</source>
      <item uri="faust://document/faustedition/2_III_H.55"/>
   </date>
   <!-- geprüft -->
   <relation name="temp-syn">
      <source uri="faust://bibliography/bohnenkamp1994">S.640</source>
      <comment>Inhalt, Schrift. . .</comment>
      <item uri="faust://document/faustedition/2_III_H.55"/>
      <item uri="faust://document/faustedition/2_III_H.50b"/>
   </relation>
   <!-- geprüft -->
   <relation name="temp-syn">
      <source uri="faust://bibliography/bohnenkamp1994">S.640</source>
      <comment>Inhalt, Schrift. . .</comment>
      <item uri="faust://document/faustedition/2_III_H.55"/>
      <item uri="faust://document/faustedition/2_III_H.50d"/>
   </relation>
   <!-- geprüft -->
  <!--  / 25/XVIII,3,5 /  / III H56 /  -->
   <date notBefore="1826-04-22">
      <comment>Inhalt, Schrift. . .</comment>
      <source uri="faust://bibliography/gsa-datenbank"/>
      <item uri="faust://document/faustedition/2_III_H.56"/>
   </date>
   <!-- geprüft -->
   <relation name="temp-pre">
      <source uri="faust://bibliography/inventare_2_2">Sp.184</source>
      <comment>(unklar). . .</comment>
      <item uri="faust://document/faustedition/2_III_H.55"/>
      <item uri="faust://document/faustedition/2_III_H.56"/>
   </relation>
   <!-- geprüft -->
  <!--  / 25/XVIII,3,6 /  / III H57 /  -->
   <date notBefore="1826-03-14" notAfter="1826-06-24">
      <comment>Inhalt. . .</comment>
      <comment>1826</comment>
      <source uri="faust://bibliography/bohnenkamp1994">S.646</source>
      <item uri="faust://document/faustedition/2_III_H.57"/>
   </date>
   <!-- geprüft -->
   <relation name="temp-pre">
      <source uri="faust://bibliography/bohnenkamp1994">S.646</source>
      <comment>Inhalt. . .</comment>
      <item uri="faust://document/faustedition/2_III_H.59a"/>
      <item uri="faust://document/faustedition/2_III_H.57"/>
   </relation>
   <!-- geprüft -->
  <!--  / 25/XVIII,3,7 /  / III H58 /  -->
   <date notBefore="1825-07-07">
      <comment>. . auf Teil eines Inhaltsverzeichnisses zu "Inschriften, Denk- und Sende-Blätter".</comment>
      <source uri="faust://bibliography/gsa-datenbank"/>
      <item uri="faust://document/faustedition/2_III_H.58"/>
   </date>
   <!-- geprüft -->
  <!--  / 25/XVIII,3,8 /  / III Hd /  -->
  <!--  / 25/XVIII,3,9 /  / III H59 /  -->
   <relation name="temp-pre">
      <source uri="faust://bibliography/inventare_2_2">Sp.186</source>
      <comment>. . auf Teil eines Umschlags mit Aufschrift egh: "1795".</comment>
      <item uri="faust://document/faustedition/2_III_H.59"/>
      <item uri="faust://document/faustedition/2_III_H.33a"/>
   </relation>
   <!-- geprüft -->
  <!--  / 25/XVIII,3,9a /  / III Hf /  -->
   <date notBefore="1826-03-14" notAfter="1826-06-24">
      <comment>relative Chronologie, Zeugnis, Inhalt. Tagebucheintrag vom 10. März 1826. bildete ursprünglich mit H_P176Var (25/XIX,2,17) und 25/XVIII,4,11
      ein Folioblatt.</comment>
      <comment>Frühjahr 1826 (Verse)</comment>
      <source uri="faust://bibliography/bohnenkamp1994">S.625</source>
      <source uri="faust://bibliography/schillemeit1985">S.40-42</source>
      <item uri="faust://inscription/faustedition/2_III_H.59b/i_uebrige"/>
   </date>
   <!-- geprüft -->
   <date notAfter="1826-06-24">
      <comment>relative Chronologie, Zeugnis, Inhalt. Tagebucheintrag vom 10. März 1826. bildete ursprünglich mit H_P176Var (25/XIX,2,17) und 25/XVIII,4,11
      ein Folioblatt.</comment>
      <comment>vor Frühjahr 1826</comment>
      <source uri="faust://bibliography/bohnenkamp1994">S.625</source>
      <item uri="faust://inscription/faustedition/H_P176_Var/i_r"/>
   </date>
   <!-- geprüft -->
   <relation name="temp-pre">
      <source uri="faust://bibliography/bohnenkamp1994">S.625</source>
      <comment>relative Chronologie, Zeugnis, Inhalt. Tagebucheintrag vom 10. März 1826. bildete ursprünglich mit H_P176Var (25/XIX,2,17) und 25/XVIII,4,11
ein Folioblatt.</comment>
      <item uri="faust://inscription/faustedition/H_P176_Var/i_r"/>
      <item uri="faust://inscription/faustedition/2_III_H.59b/i_uebrige"/>
   </relation>
   <!-- geprüft -->
  <!--  / 25/XVIII,3,10 /  / III Hg /  -->
   <relation name="temp-pre">
      <comment>. . auf Umschlag mit auf das Anatomische Kabinett in Jena bezüglicher Aufschrift Geist(?): "Museum menschlicher Anatomie".</comment>
      <source uri="faust://bibliography/inventare_2_2">Sp.187</source>
      <item uri="faust://inscription/faustedition/2_III_H.59b/i_uebrige"/>
      <item uri="faust://document/faustedition/2_III_H.59c"/>
   </relation>
   <!-- geprüft -->
  <!--  / 25/XVIII,3,11 /  / III H60 /  -->
   <date notBefore="1826-06-13" notAfter="1826-06-13">
      <comment>Zeugnis. Tagebucheintrag vom 13.6.1826. .</comment>
      <source uri="faust://bibliography/fischer-lamberg1955">S.122-123</source>
      <source uri="faust://bibliography/bohnenkamp1994">S.652</source>
      <item uri="faust://inscription/fischer_lamberg/P170a/i_1_o"/>
   </date>
   <!-- geprüft -->
   <date notAfter="1826-06-13">
      <comment>vor dem 13.06.1826</comment>
      <source uri="faust://bibliography/fischer-lamberg1955">S.122-123</source>
      <source uri="faust://bibliography/bohnenkamp1994">S.652</source>
      <item uri="faust://inscription/faustedition/2_III_H.60/i_uebrige"/>
   </date>
   <!-- geprüft -->
   <relation name="temp-pre">
      <source uri="faust://bibliography/fischer-lamberg1955">S.122-123</source>
      <comment>Zeugnis. Tagebucheintrag vom 13.6.1826. .</comment>
      <item uri="faust://document/faustedition/2_III_H.1"/>
      <item uri="faust://inscription/fischer_lamberg/P170a/i_1_o"/>
   </relation>
   <!-- geprüft -->
   <relation name="temp-pre">
      <source uri="faust://bibliography/fischer-lamberg1955">S.122-123</source>
      <comment>Zeugnis. Tagebucheintrag vom 13.6.1826. .</comment>
      <item uri="faust://document/wa/2_III_H.2"/>
      <item uri="faust://inscription/fischer_lamberg/P170a/i_uebrige"/>
   </relation>
   <!-- geprüft -->
   <relation name="temp-pre">
      <source uri="faust://bibliography/fischer-lamberg1955">S.122-123</source>
      <comment>Zeugnis. Tagebucheintrag vom 13.6.1826. .</comment>
      <item uri="faust://document/faustedition/2_III_H.3"/>
      <item uri="faust://inscription/fischer_lamberg/P170a/i_uebrige"/>
   </relation>
   <!-- geprüft -->
   <relation name="temp-pre">
      <source uri="faust://bibliography/fischer-lamberg1955">S.122-123</source>
      <comment>Zeugnis. Tagebucheintrag vom 13.6.1826. .</comment>
      <item uri="faust://inscription/faustedition/2_III_H.60/i_uebrige"/>
      <item uri="faust://document/wa/2_III_H.2"/>
   </relation>
   <!-- geprüft -->
  <!--  / 25/XVIII,3,12 /  / III H61 /  -->
   <relation name="temp-pre">
      <source uri="faust://bibliography/inventare_2_2">Sp.188</source>
      <comment>. . Vorlage für III H2.</comment>
      <item uri="faust://document/faustedition/2_III_H.61"/>
      <item uri="faust://document/wa/2_III_H.2"/>
   </relation>
   <!-- geprüft -->
  <!--  / 25/XVIII,3,13 /  / III H62 /  -->
   <relation name="temp-pre">
      <source uri="faust://bibliography/inventare_2_2">Sp.188</source>
      <comment>. . ursprünglich als Blatt 130 zu  H gehörig ( FL, S.124).</comment>
      <item uri="faust://document/wa/2_III_H.III"/>
      <item uri="faust://document/faustedition/2_III_H.62"/>
   </relation>
   <!-- geprüft -->
  <!--  / 25/XVIII,3,14 /  / III H63 /  -->
   <relation name="temp-pre">
      <source uri="faust://bibliography/inventare_2_2">Sp.188</source>
      <comment>. . Vorlage für III H2.</comment>
      <item uri="faust://document/faustedition/2_III_H.63"/>
      <item uri="faust://document/wa/2_III_H.2"/>
   </relation>
   <!-- geprüft -->
  <!--  / 25/XVIII,3,15 /  / III H64 /  -->
   <date notBefore="1826-03-14" notAfter="1826-06-24">
      <comment>Zeugnis. Tagebucheintrag vom 13.6.1826. .</comment>
      <comment>Frühjahr 1826</comment>
      <source uri="faust://bibliography/inventare_2_2">Sp.189</source>
      <source uri="faust://bibliography/gsa-datenbank"/>
      <item uri="faust://document/faustedition/2_III_H.64"/>
   </date>
   <!-- geprüft -->
  <!--  / 25/XVIII,3,16:1 /  / III Hh /  -->
   <relation name="temp-pre">
      <source uri="faust://bibliography/inventare_2_2">Sp.189</source>
      <comment>. . .</comment>
      <item uri="faust://document/faustedition/2_III_H.64b"/>
      <item uri="faust://document/wa/2_III_H.2"/>
   </relation>
   <!-- geprüft -->
  <!--  / 25/XVIII,3,16:2 /  / (oS) /  -->
  <!--  / 25/XVIII,3,17 /  / III H65 /  -->
  <!--  / 25/XVIII,3,18 /  / III H66 /  -->
  <!--  / 25/XVIII,3,19 /  / III H67 /  -->
  <!--  / 25/XVIII,3,20 /  / III H68 /  -->
   <relation name="temp-pre">
      <source uri="faust://bibliography/inventare_2_2">Sp.191</source>
      <comment>. . .</comment>
      <item uri="faust://document/faustedition/2_III_H.68"/>
      <item uri="faust://document/faustedition/2_III_H.69"/>
   </relation>
   <!-- geprüft -->
  <!--  / 25/XVIII,3,21 /  / III H69 /  -->
   <relation name="temp-pre">
      <source uri="faust://bibliography/inventare_2_2">Sp.192</source>
      <comment>. . .</comment>
      <item uri="faust://document/faustedition/2_III_H.68"/>
      <item uri="faust://document/faustedition/2_III_H.69"/>
   </relation>
   <!-- geprüft -->
  <!--  / 25/XVIII,3,22 /  / III H70 /  -->
   <date notBefore="1826-03-14" notAfter="1826-06-24">
      <comment>Zeugnis. Tagebucheintrag vom 13.6.1826. .</comment>
      <comment>Frühjahr 1826</comment>
      <source uri="faust://bibliography/gsa-datenbank"/>
      <item uri="faust://document/faustedition/2_III_H.70"/>
   </date>
   <!-- geprüft -->
  <!--  / 25/XVIII,3,23 /  / III H71 /  -->
   <date notBefore="1826-04-25">
      <source uri="faust://bibliography/inventare_2_2">Sp.193</source>
      <source uri="faust://bibliography/gsa-datenbank"/>
      <item uri="faust://document/faustedition/2_III_H.71"/>
   </date>
   <!-- geprüft -->
  <!--  / 25/XVIII,3,24 /  / III H72 /  -->
  <!--  / 25/XVIII,3,25 /  / III H73 /  -->
   <date notBefore="1827-01-27" notAfter="1827-02-06">
      <comment>Bezug auf Aufsatz auf Hs. Konzept zu Aufsatz "Chinesisches" (erschienen 06.02.1827). .</comment>
      <source uri="faust://bibliography/fischer-lamberg1955">S.133</source>
      <source uri="faust://bibliography/bohnenkamp1994">S.655</source>
      <item uri="faust://document/faustedition/2_III_H.73"/>
   </date>
   <!-- geprüft -->
   <relation name="temp-pre">
      <source uri="faust://bibliography/bohnenkamp1994">S.655</source>
      <comment>Bezug auf Aufsatz auf Hs. Konzept zu Aufsatz "Chinesisches" (erschienen 06.02.1827). .</comment>
      <item uri="faust://document/faustedition/2_III_H.73"/>
      <item uri="faust://document/faustedition/2_III_H.74"/>
   </relation>
   <!-- geprüft -->
  <!--  / 25/XVIII,3,26 /  / III H74 /  -->
   <date type="normalized" notBefore="1827-02-11" notAfter="1827-02-21">
      <comment>Um 16.02.1827</comment>
      <comment>Bezug Gedichtentwurf Hs. Druckmanuskript des Gedichtentwurfs am 16.02.1827 an Cotta geschickt. .</comment>
      <source uri="faust://bibliography/fischer-lamberg1955">S.134</source>
      <source uri="faust://bibliography/bohnenkamp1994">S.655</source>
      <item uri="faust://document/faustedition/2_III_H.74"/>
   </date>
   <!-- geprüft -->
   <relation name="temp-pre">
      <source uri="faust://bibliography/fischer-lamberg1955">S.134</source>
      <source uri="faust://bibliography/bohnenkamp1994">S.655</source>
      <comment>Bezug Gedichtentwurf Hs. Druckmanuskript des Gedichtentwurfs am 16.02.1827 an Cotta geschickt. .</comment>
      <item uri="faust://document/faustedition/2_III_H.73"/>
      <item uri="faust://document/faustedition/2_III_H.74"/>
   </relation>
   <!-- geprüft -->
  <!--  / 25/XVIII,3,27 /  / III H75 /  -->
   <relation name="temp-pre">
      <source uri="faust://bibliography/inventare_2_2">Sp.195</source>
      <comment>. . "West-östlicher Divan. Aus dem Nachlaß" (H.16), Notiz zS: "Baron Stroganoff. Hofrath Franz Woerth".</comment>
      <item uri="faust://document/faustedition/2_III_H.74"/>
      <item uri="faust://document/faustedition/2_III_H.75"/>
   </relation>
   <!-- geprüft -->
  <!--  / 25/XVIII,3,28 /  / III H76 /  -->
  <!--  / 25/XVIII,3,29 /  / III H77 /  -->
   <date type="normalized" notBefore="1826-03-10" notAfter="1826-03-20">
      <comment>um 15.03.1826</comment>
      <comment>Brief an Ch. G. Graf von Bernstorff, 15.3.1826</comment>
      <source uri="faust://bibliography/inventare_2_2">Sp.195-196</source>
      <source uri="faust://bibliography/gsa-datenbank"/>
      <source uri="faust://self"/>
      <item uri="faust://document/faustedition/2_III_H.77"/>
   </date>
   <!-- geprüft -->
   <date notBefore="1826-06-18">
      <source uri="faust://bibliography/hertz1932">S.266</source>
      <item uri="faust://document/faustedition/2_III_H.77"/>
   </date>
   <!-- geprüft -->
  <!--  / 25/XVIII,3,30 /  / III H78 /  -->
   <date type="normalized" notBefore="1826-05-10" notAfter="1826-05-25">
      <cooment>Brief an J. Ch. Stark d. J.., zwischen 15. und 20. Mai 1826</cooment>
      <source uri="faust://bibliography/inventare_2_2">Sp.196</source>
      <source uri="faust://self"/>
      <item uri="faust://document/faustedition/2_III_H.78"/>
   </date>
   <!-- geprüft -->
   <date notBefore="1826-06-18">
      <source uri="faust://bibliography/hertz1932">S.266</source>
      <item uri="faust://document/faustedition/2_III_H.78"/>
   </date>
   <!-- geprüft -->
  <!--  / 25/XVIII,3,31 /  / III H79 /  -->
   <relation name="temp-pre">
      <source uri="faust://bibliography/inventare_2_2">Sp.196</source>
      <comment>. . gehörte ursprünglich zu III H2.</comment>
      <item uri="faust://document/faustedition/2_III_H.78a"/>
      <item uri="faust://document/faustedition/2_III_H.79"/>
   </relation>
   <!-- geprüft -->
  <!--  / 25/XVIII,3,32 /  / III H80 /  -->
   <date notAfter="1824-04-13">
      <source uri="faust://bibliography/inventare_2_2">Sp.197</source>
      <source uri="faust://bibliography/gsa-datenbank"/>
      <item uri="faust://document/faustedition/2_III_H.80"/>
   </date>
   <!-- geprüft -->
  <!--  / 25/XVIII,3,33 /  / III H81 /  -->
  <!--  / 25/XVIII,3,34*a / Sammlung Kippenberg, K. K. 123 / (oS) /  -->
  <!--  / 25/XVIII,3,34*b / Sammlung Kippenberg, K. K. 123 / (oS) /  -->
  <!--  / 25/XVIII,3,34*c / Sammlung Kippenberg, K. K. 123 / (oS) /  -->
  <!--  / 25/XVIII,3,34*d / Sammlung Kippenberg, K. K. 123 / (oS) /  -->
  <!--  / 25/XVIII,3,34*e / Sammlung Kippenberg, K. K. 123 / (oS) /  -->
  <!--  / 25/XVIII,3,34*f / Sammlung Kippenberg, K. K. 123 / (oS) /  -->
  <!--  / 25/XVIII,4,1 / Edinburgh Ms. D. Laing II 162 / III Hi /  -->
   <date notAfter="1825-04-20">
      <comment>Datierung auf Hs, 20 Apr. 1825</comment>
      <source uri="faust://bibliography/gsa-datenbank"/>
      <item uri="faust://document/faustedition/2_III_H.44a"/>
   </date>
   <!-- geprüft -->
  <!--  / 25/XVIII,4,1a / unbekannt (Berlin, J. A. Stargardt, Kat. 634, 1985, Nr. 106) / (oS) /  -->
  <!--  / 25/XVIII,4,1b / Vicenza (Italien), Biblioteca Civica Bertoliana / (oS) /  -->
  <!--  / 25/XVIII,4,2 / UB Leipzig, Sammlung Hirzel, B 493 / III Ha /  -->
  <!--  / 25/XVIII,4,3 / Cologny, Bibliotheca Bodmeriana / III Hm (FL) /  -->
  <!--  / 25/XVIII,4,4 / Düsseldorf, Sammlung Kippenberg, K. K. 14 / III Hb /  -->
   <date notBefore="1826-06-22">
      <source uri="faust://bibliography/gsa-datenbank"/>
      <item uri="faust://document/faustedition/2_III_H.50a"/>
   </date>
   <!-- geprüft -->
  <!--  / 25/XVIII,4,5 / London, The British Library, Autogr. Add. 20723 f. 36 / III Hc /  -->
  <!--  / 25/XVIII,4,6 / Cologny, Bibliotheca Bodmeriana / III Hn /  -->
   <date notBefore="1823-12-23" notAfter="1826-06-24">
      <comment>Nach 23.12.1823, Frühjahr 1826</comment>
      <comment>Bezug auf Brief auf Hs. Konzept zu Brief an Carl August von Sachsen-Weimar-Eisenach, 23.12.1823. Aufschrift Eckermann "Zahme Xenien II”; III Hq und III Hn ursprünglich ein Folioblatt.</comment>
      <source uri="faust://bibliography/bohnenkamp1994">S.637-638</source>
      <item uri="faust://document/faustedition/2_III_H.50d"/>
   </date>
   <!-- geprüft -->
  <!--  /  / Düsseldorf, Goethe-Museum / III Hq /  -->
   <date notBefore="1823-12-23" notAfter="1826-06-24">
      <comment>Nach 23.12.1823, Frühjahr 1826</comment>
      <comment>Bezug auf Briefkonzept auf Hs. Konzept zu Brief an Carl August von Sachsen-Weimar-Eisenach, 23.12.1823. Aufschrift Eckermann "Zahme Xenien II"; II Hq und III Hn ursprünglich ein Folioblatt.</comment>
      <source uri="faust://bibliography/bohnenkamp1994">S.637-638</source>
      <item uri="faust://document/faustedition/2_III_H.50b"/>
   </date>
   <!-- geprüft -->
  <!--  / 25/XVIII,4,6a / Düsseldorf, Sammlung Kippenberg, K. K. 123 / (oS) /  -->
  <!--  / 25/XVIII,4,6b / New York, The Pierpont Morgan Library, MA 877 / (oS) /  -->
  <!--  / 25/XVIII,4,7 /  / III He / UB Leipzig, Sammlung Hirzel, B 492 -->
   <date notBefore="1825-04-08" notAfter="1826-06-24">
      <source uri="faust://bibliography/fischer-lamberg1955">S.143</source>
      <item uri="faust://document/faustedition/2_III_H.59a"/>
   </date>
   <!-- geprüft -->
  <!--  / 25/XVIII,4,7a / Marbach, Cotta-Archiv, Goethe, Briefe 233 /  /  -->
   <date notAfter="1827-03-28">
      <comment>Bezug auf Brief. in Beilage zu Brief an Wilhelm Reichel, 18.3.1827. .</comment>
      <source uri="faust://bibliography/gsa-datenbank"/>
      <item uri="faust://document/faustedition/2_III_H.75b"/>
   </date>
   <!-- geprüft -->
  <!--  / 25/XVIII,4,8 / New York, The Pierpont Morgan Library, Misc Heineman MS MAH Goethe 1B / III Hl (FL) /  -->
  <!--  / 25/XVIII,4,9 / Cologny, Bibliotheca Bodmeriana / III Hk (FL) /  -->
  <!--  / 25/XVIII,4,9a / unbekannt (Bonn, Antiquariat Friedrich Cohen, Lagerkatalog 97, 1900, S. 11, Nr. 99) / (oS) /  -->
  <!--  / 25/XVIII,4,10 / unbekannt / (oS) /  -->
  <!--  / 25/XVIII,4,11 / unbekannt / (oS) /  -->
  <!--  / 25/XVIII,5,1:1 /  / (oS) /  -->
  <!--  / 25/XVIII,5,1:2 /  / (oS) /  -->
  <!--  / 25/XIX,1,9 /  / H_P84 /  -->
   <date notAfter="1800-04-13">
      <comment>Papier, Inhalt. . bildete ursprügnlich zusammen mit H_P167 einen Bogen.</comment>
      <comment>vor 1800</comment>
      <source uri="faust://bibliography/bohnenkamp1994">S.540-542</source>
      <item uri="faust://document/faustedition/H_P84"/>
   </date>
   <!-- geprüft -->
   <date notBefore="1800-04-13" notAfter="1800-11-08">
      <comment>Inhalt</comment>
      <comment>1800</comment>
      <source uri="faust://bibliography/grumach1958">S.63-64</source>
      <item uri="faust://document/faustedition/H_P84"/>
   </date>
   <!-- geprüft -->
  <!--  / 25/XIX,2,6:2 /  / H_P148 /  -->
   <date type="normalized" notBefore="1826-04-01" notAfter="1826-04-30">
      <comment>Bezug auf Gästeliste auf Hs. . . Ueberlieferte Datierung: 17.10.</comment>
      <comment>vmtl. April 1826</comment>
      <source uri="faust://bibliography/bohnenkamp1994">S.648</source>
      <item uri="faust://document/faustedition/H_P84"/>
   </date>
   <!-- geprüft -->
  <!--  / 25/XIX,2,11 /  / H_P163 /  -->
   <date notBefore="1825-02-26" notAfter="1825-04-05">
      <comment>Billet auf Hs. Billet von Kanzler von Müller vom vor dem 19.11.1824 und Tagebucheintrag Goethes vom 12.3.1825, der sich auf das Billet bezieht. .</comment>
      <comment>Frühjahr 1825 (unischer)</comment>
      <source uri="faust://bibliography/bohnenkamp1994">S.579</source>
      <item uri="faust://document/faustedition/H_P163"/>
   </date>
   <!-- geprüft -->
   <relation name="temp-pre">
      <source uri="faust://bibliography/bohnenkamp1994">S.579</source>
      <item uri="faust://inscription/faustedition/2_III_H.8/i_v"/>
      <item uri="faust://document/faustedition/H_P163"/>
   </relation>
   <!-- geprüft -->
   <relation name="temp-pre">
      <source uri="faust://bibliography/bohnenkamp1994">S.579</source>
      <item uri="faust://document/faustedition/H_P163"/>
      <item uri="faust://document/faustedition/2_III_H.13"/>
   </relation>
   <!-- geprüft -->
   <relation name="temp-pre">
      <source uri="faust://bibliography/bohnenkamp1994">S.579</source>
      <item uri="faust://document/faustedition/H_P163"/>
      <item uri="faust://document/faustedition/2_III_H.14"/>
   </relation>
   <!-- geprüft -->
   <relation name="temp-pre">
      <source uri="faust://bibliography/bohnenkamp1994">S.579</source>
      <item uri="faust://document/faustedition/H_P163"/>
      <item uri="faust://document/faustedition/2_III_H.15"/>
   </relation>
   <!-- geprüft -->
   <relation name="temp-pre">
      <source uri="faust://bibliography/bohnenkamp1994">S.579</source>
      <item uri="faust://document/faustedition/H_P163"/>
      <item uri="faust://document/faustedition/2_III_H.16"/>
   </relation>
   <!-- geprüft -->
   <relation name="temp-pre">
      <source uri="faust://bibliography/bohnenkamp1994">S.579</source>
      <item uri="faust://document/faustedition/H_P163"/>
      <item uri="faust://document/faustedition/2_III_H.17"/>
   </relation>
   <!-- geprüft -->
   <relation name="temp-pre">
      <source uri="faust://bibliography/bohnenkamp1994">S.579</source>
      <item uri="faust://document/faustedition/H_P163"/>
      <item uri="faust://document/faustedition/2_III_H.18"/>
   </relation>
   <!-- geprüft -->
   <relation name="temp-pre">
      <source uri="faust://bibliography/bohnenkamp1994">S.579</source>
      <item uri="faust://document/faustedition/H_P163"/>
      <item uri="faust://document/faustedition/2_III_H.19"/>
   </relation>
   <!-- geprüft -->
   <relation name="temp-pre">
      <source uri="faust://bibliography/bohnenkamp1994">S.579</source>
      <item uri="faust://document/faustedition/H_P163"/>
      <item uri="faust://document/faustedition/2_III_H.20"/>
   </relation>
   <!-- geprüft -->
   <relation name="temp-pre">
      <source uri="faust://bibliography/bohnenkamp1994">S.579</source>
      <item uri="faust://document/faustedition/H_P163"/>
      <item uri="faust://document/faustedition/2_III_H.21"/>
   </relation>
   <!-- geprüft -->
   <!-- 25/XVIII,1,6:2*c /  / P164 / -->
   <date notAfter="1825-03-29">
      <comment>Frühjahr 1825</comment>
      <comment>am 29. März oder wenige Tage vorher</comment>
      <source uri="faust://bibliography/bohnenkamp1994">S.601</source>
      <item uri="faust://document/wa/2_III_H.6"/>
   </date>
   <!-- geprüft -->
  <!--  / 25/XIX,2,12 /  / H_P164a /  -->
   <date notBefore="1825-03-30" notAfter="1825-04-03">
      <comment>Bezug auf Tagebuch auf Entwurf zu Tag- und Jahresheften 1808. .</comment>
      <source uri="faust://bibliography/morris1900">S.716</source>
      <source uri="faust://bibliography/schillemeit1987">S.243-244</source>
      <source uri="faust://bibliography/bohnenkamp1994">S.611-612</source>
      <item uri="faust://document/faustedition/H_P164a"/>
   </date>
   <!-- geprüft -->
  <!--  / 25/XIX,2,13 / Biblioteka Jagiellonska, Krakau / H_P165 /  -->
   <relation name="temp-pre">
      <source uri="faust://bibliography/bohnenkamp1994">S.595-596</source>
      <comment>Inhalt, relative Chronologie. . .</comment>
      <item uri="faust://document/faustedition/2_III_H.26"/>
      <item uri="faust://document/faustedition/H_P165"/>
   </relation>
   <!-- geprüft -->
  <!--  / 25/XIX,2,14 /  / H_P166a /  -->
   <date notBefore="1825-04-05" notAfter="1825-04-05">
      <comment>Bezug auf Tagebuch. . .</comment>
      <source uri="faust://bibliography/fischer-lamberg1955">S.108-109</source>
      <source uri="faust://bibliography/bohnenkamp1994">S.620-621</source>
      <item uri="faust://document/faustedition/H_P166a"/>
   </date>
   <!-- geprüft -->
  <!--  / 25/XIX,2,15 /  / H_P167 /  -->
   <date notBefore="1825-02-26" notAfter="1825-04-05">
      <comment>Bezug zu P166a. . bildete ursprügnlich zusammen mit H_P84 einen Bogen.</comment>
      <comment>Frühjahr 1825</comment>
      <source uri="faust://bibliography/bohnenkamp1994">S.546</source>
      <source uri="faust://bibliography/grumach1958">S.62</source>
      <item uri="faust://inscription/faustedition/H_P167/i_v"/>
   </date>
   <!-- geprüft -->
   <date notBefore="1826-03-14" notAfter="1826-06-24">
      <comment>Bezug zu P166a</comment>
      <comment>Frühjahr 1826</comment>
      <source uri="faust://bibliography/fischer-lamberg1955">S.149</source>
      <item uri="faust://inscription/faustedition/H_P167/i_v"/>
   </date>
   <!-- geprüft -->
   <relation name="temp-pre">
      <source uri="faust://bibliography/grumach1958">S.62</source>
      <source uri="faust://bibliography/bohnenkamp1994">S.546</source>
      <comment>Bezug zu P166a (Bohnenkamp). . bildete ursprügnlich zusammen mit H_P84 einen Bogen.</comment>
      <item uri="faust://inscription/faustedition/H_P167/i_uebrige"/>
      <item uri="faust://document/faustedition/2_III_H.12"/>
   </relation>
   <!-- geprüft -->
   <relation name="temp-pre">
      <source uri="faust://bibliography/grumach1958">S.62</source>
      <source uri="faust://bibliography/fischer-lamberg1955">S.149</source>
      <source uri="faust://bibliography/bohnenkamp1994">S.546</source>
      <comment>Bezug zu P166a (Bohnenkamp). . bildete ursprügnlich zusammen mit H_P84 einen Bogen.</comment>
      <item uri="faust://inscription/faustedition/H_P167/i_r_u"/>
      <item uri="faust://inscription/faustedition/H_P167/i_uebrige"/>
   </relation>
   <!-- geprüft -->
   <relation name="temp-pre">
      <source uri="faust://bibliography/grumach1958">S.62</source>
      <source uri="faust://bibliography/bohnenkamp1994">S.546</source>
      <comment>Bezug zu P166a (Bohnenkamp). . bildete ursprügnlich zusammen mit H_P84 einen Bogen.</comment>
      <item uri="faust://document/faustedition/H_P166a"/>
      <item uri="faust://inscription/faustedition/H_P167/i_uebrige"/>
   </relation>
   <!-- geprüft -->
   <relation name="temp-pre">
      <source uri="faust://bibliography/fischer-lamberg1955">S.149</source>
      <comment>Bezug zu P166a (Bohnenkamp). . bildete ursprügnlich zusammen mit H_P84 einen Bogen.</comment>
      <item uri="faust://inscription/faustedition/H_P167/i_uebrige"/>
      <item uri="faust://document/faustedition/H_P166a"/>
   </relation>
   <!-- geprüft -->
  <!--  / 25/XIX,2,16 /  / H_P168 /  -->
   <date notBefore="1826-04-04" notAfter="1826-04-27">
      <comment>Inhalt. . .</comment>
      <comment>April 1826</comment>
      <source uri="faust://bibliography/bohnenkamp1994">S.634</source>
      <item uri="faust://document/faustedition/H_P168"/>
   </date>
   <!-- geprüft -->
   <relation name="temp-pre">
      <source uri="faust://bibliography/bohnenkamp1994">S.634</source>
      <comment>Inhalt. . .</comment>
      <item uri="faust://document/faustedition/H_P166a"/>
      <item uri="faust://document/faustedition/H_P168"/>
   </relation>
   <!-- geprüft -->
  <!--  / 25/XVIII,1,2 /  / H_P170 /  -->
   <relation name="temp-pre">
      <source uri="faust://bibliography/bohnenkamp1994">S.642</source>
      <comment>Zeugnis; Bezug auf III H2. Briefe an Riemer 2.4.1825 und 28.3.1825. .</comment>
      <item uri="faust://document/faustedition/2_III_H.2_1"/>
      <item uri="faust://document/wa/2_III_H.2"/>
   </relation>
   <!-- geprüft -->
  <!--  /  / Bibliotheca Bodmeriana, Genf-Cologny / H_P176a /  -->
   <date notBefore="1825-03-02" notAfter="1825-04-05">
      <comment>März/April 1825</comment>
      <comment>Bezug auf Entwurf zu Tag- und Jahresheften auf Hs. auf Entwurf zu Tag- und Jahresheften 1808. .</comment>
      <source uri="faust://bibliography/bohnenkamp1994">S.615-616</source>
      <item uri="faust://document/faustedition/H_P176a"/>
   </date>
   <!-- geprüft -->
   <relation name="temp-pre">
      <source uri="faust://bibliography/bohnenkamp1994">S.615-616</source>
      <comment>Bezug auf Entwurf zu Tag- und Jahresheften auf Hs. auf Entwurf zu Tag- und Jahresheften 1808. .</comment>
      <item uri="faust://document/faustedition/H_P176a"/>
      <item uri="faust://document/faustedition/H_P164a"/>
   </relation>
   <!-- geprüft -->
  <!--  / 25/XIX,2,17:1 /  / H_P176Var /  -->
   <date notAfter="1826-06-24">
      <comment>Inhalt, Bezug auf III Hf. . .</comment>
      <comment>(bis) Frühjahr 1826</comment>
      <source uri="faust://bibliography/gsa-datenbank"/>
      <item uri="faust://document/faustedition/H_P176a"/>
   </date>
   <!-- geprüft -->
  <!--  / 25/XIX,3*d /  /  /  -->
   <!--  / 25/XVIII,3,21a /  / (oS) / W_1655 -->
  <!--  / 25/XIX,1,21a /  / (oS) /  -->
</macrogenesis>