<?xml version='1.0' encoding='UTF-8'?>
<?xml-model href="macrogenesis.rnc" type="application/relax-ng-compact-syntax"?><macrogenesis xmlns="http://www.faustedition.net/ns" xmlns:xsi="http://www.w3.org/2001/XMLSchema-instance">
   <!--  / 25/XVII,4,2 /  / I H1 /  -->
   <date notBefore="1825-05-05" notAfter="1825-05-29">
      <comment>Inhalt (Grammatik). . .</comment>
      <comment>Mai 1825</comment>
      <source uri="faust://bibliography/wa_I_13_2">S.130-131</source>
      <item uri="faust://document/faustedition/2_I_H.1"/>
   </date> 
   <!-- geprüft -->
   <!--  / 25/XVII,4,3 /  / I H2 /  -->
   <!--  / 25/XVII,4,4 /  / I H3 /  -->
   <date notBefore="1827-12-06">
      <source uri="faust://bibliography/jensen1968">S.165-177</source>
      <item uri="faust://document/faustedition/2_I_H.3"/>
   </date>
   <!-- geprüft -->
   <date notBefore="1827-12-06">
      <source uri="faust://bibliography/jensen1968">S.165-177</source>
      <item uri="faust://document/faustedition/2_I_H.4"/>
   </date>
   <!-- geprüft -->
   <!--  / 25/XVII,4,5 /  / I H4 /  -->
   <!--  / 25/XVII,4,6 /  / I H5 /  -->
   <date notBefore="1827-09-12" notAfter="1827-11-17">
      <comment>Gedicht "Was in der Schenke waren heute" (West-Ã¶stlicher Divan) WA I 6,212 Abschrift
         Schuchardt = Druckvorlage als EinfÃ¼gung in Korrekturbogenzu KuA Bd 6 Nr 1, 1827 S 212; WA:
         H.74, I 6,350. - Notiz egh: "Tr." als Stellvertretung fÃ¼r die Verse 5092-5095 (zweite
         Strophe des Chors der GÃ¤rtnerinnen aus Faust II)</comment>
      <comment>Herbst 1827</comment>
      <source uri="faust://bibliography/jensen1968">S.165-177</source>
      <item uri="faust://document/faustedition/2_I_H.5"/>
   </date>
   <!-- in der Edition unter H.74, geprüft -->
   <!--  / 25/XVII,4,7 /  / I H6 /  -->
   <date notBefore="1827-12-08" notAfter="1827-12-31">
      <comment>. . .</comment>
      <comment>Dezember 1827</comment>
      <source uri="faust://bibliography/jensen1968">S.175-177</source>
      <item uri="faust://document/faustedition/2_I_H.6"/>
   </date>
   <!-- geprüft -->
   <!--  / 25/XVII,4,8 /  / I H7 /  -->
   <date notBefore="1827-12-08">
      <comment>Bezug auf Brief auf Hs. Brief von Kanzler von Müller an Goethe, oD (8.12.1827).
         .</comment>
      <source uri="faust://bibliography/jensen1968">S.165-177</source>
      <item uri="faust://document/faustedition/2_I_H.7"/>
   </date>
   <!-- geprüft -->
   <!--  / 25/XVII,4,9 /  / I H8 /  -->
   <date notBefore="1827-10-17">
      <comment>Bezug auf Theaterzettel. Theaterzettel vom 17.10.1827. .</comment>
      <source uri="faust://bibliography/inventare_2_2">Sp.89-90</source>
      <item uri="faust://document/faustedition/2_I_H.8"/>
   </date>
   <!-- geprüft -->
   <!--  / 25/XIX,1,16 /  / H P101 /  -->
   <date notBefore="1827-07-22" notAfter="1827-10-01">
      <comment>Inhalt. Zuordnung der Schema-Reinschrift in die Anfänge der Ausarbeitung des 1.
         Aktes. .</comment>
      <source uri="faust://bibliography/bohnenkamp1994">S.295</source>
      <item uri="faust://document/faustedition/H_P101"/>
   </date>
   <!-- geprüft -->
   <!--  / 25/XIX,1,17 /  / H P102 /  -->
   <date notBefore="1827-08-11" notAfter="1827-10-11">
      <comment>Bezug auf Tagebuch auf Hs. Tagebuchnotizen auf der Rückseite weichen der
         Schema-Reinschrift aus. .</comment>
      <source uri="faust://bibliography/bohnenkamp1994">S.299</source>
      <item uri="faust://document/faustedition/H_P102"/>
   </date>
   <!-- geprüft -->
   <!--  / 25/XIX,1,19 /  / H P108c /  -->
   <date notBefore="1827-07-22" notAfter="1827-10-01">
      <comment>Inhalt. Entwurf zum geplanten Auftritt von Fischern und Vogelstellern. .</comment>
      <comment>Bohnenkamp Datierung ohne äußere Indizien, vermutlich Sommer 1827</comment>
      <comment>Beleg Datierung Tagebücher wa_III_11 S.88</comment>
      <source uri="faust://bibliography/bohnenkamp1994">S.305</source>
      <item uri="faust://document/faustedition/H_P108c"/>
   </date>
   <!-- geprüft -->
   <!--  / 25/XIX,1,20 /  / H P110a /  -->
   <date type="normalized" notAfter="1827-08-31">
      <comment>Bezug auf Geschenkblatt. Einige Verse befinden sich auch auf einem Geschenkblatt, das
         auf August 1827 datiert ist. .</comment>
      <source uri="faust://bibliography/bohnenkamp1994">S.308</source>
      <item uri="faust://document/faustedition/H_P110a"/>
   </date>
   <!-- geprüft -->
   <!--  / 25/XVII,4,10:1 /  / I H9 /  -->
   <date notAfter="1827-12-08">
      <comment>Datierung auf Hs</comment>
      <source uri="faust://bibliography/inventare_2_2">Sp.90</source>
      <item uri="faust://document/wa/2_I_H.9"/>
   </date>
   <!-- geprüft -->
   <!--  / 25/XVII,4,11 /  / I H9a /  -->
   <date notBefore="1827-09-24" notAfter="1827-12-08">
      <comment>Billet Helene Vulpius an Ottilie von Goethe</comment>
      <source uri="faust://bibliography/bohnenkamp1994">S.320</source>
      <item uri="faust://document/faustedition/2_I_H.9k"/>
   </date>
   <!-- geprüft -->
   <!--  / 25/XVII,4,12 /  / I H10 /  -->
   <date notBefore="1827-09-24" notAfter="1827-09-29">
      <source uri="faust://bibliography/bohnenkamp1994">S.322</source>
      <item uri="faust://inscription/wa/2_I_H.10"/>
      <!-- Datierung der gesamten Handschrift gem. https://github.com/faustedition/xml/issues/625:
      "it is quite safe to date all the verses between 24-09-1827 to 29-09-1827 (Bohnenkamp, S. 322)" -->
   </date>
   <!--<date notBefore="1827-09-24">
      <comment>direkter Anschluss von 5650-5653 an I H9a</comment>
      <source uri="faust://bibliography/bohnenkamp1994">S.322</source>
      <item uri="faust://inscription/wa/2_I_H.10/i_var_u"/>
   </date>
   <!-\- geprüft -\->
   <date>
      <comment>Über Rest der Handschrift keine Aussage über Datierung möglich</comment>
      <source uri="faust://bibliography/bohnenkamp1994">S.322</source>
      <item uri="faust://inscription/wa/2_I_H.10/i_uebrige"/>
   </date>
   <!-\- geprüft -\->
   <date>
      <comment>Über Rest der Handschrift keine Aussage über Datierung möglich</comment>
      <source uri="faust://bibliography/bohnenkamp1994">S.322</source>
      <item uri="faust://inscription/wa/2_I_H.10/i_v"/>
   </date>
   <!-\- geprüft -\->-->
   <!--  / 25/XVII,4,13 /  / I H11 /  -->
   <date type="normalized" notBefore="1827-09-01" notAfter="1828-03-31">
      <source uri="faust://bibliography/inventare_2_2">Sp.93</source>
      <comment>Bezug auf Tagebuch auf Hs. Konzept zu Tagebuch 20.- 22.12.1827 auf Hs. .</comment>
      <comment>vor/nach Dezember 1827?</comment>
      <item uri="faust://document/faustedition/2_I_H.11"/>
   </date>
   <!-- geprüft -->
   <!--  / 25/XVII,4,14:1 /  / I H12 /  -->
   <date notBefore="1827-07-22" notAfter="1827-10-01">
      <comment>Beleg Datierung Tagebücher wa_III_11 S.88</comment>
      <comment>Spätsommer-Herbst 1827</comment>
      <source uri="faust://bibliography/bohnenkamp1994">S.314</source>
      <item uri="faust://document/wa/2_I_H.12"/>
   </date>
   <!-- geprüft -->
   <relation name="temp-pre">
      <source uri="faust://bibliography/bohnenkamp1994">S.314</source>
      <comment>. . .</comment>
      <item uri="faust://document/faustedition/H_P102"/>
      <item uri="faust://document/wa/2_I_H.12"/>
   </relation>
   <!-- geprüft -->
   <relation name="temp-pre">
      <source uri="faust://bibliography/bohnenkamp1994">S.314</source>
      <comment>. . .</comment>
      <item uri="faust://document/wa/2_I_H.12"/>
      <item uri="faust://document/faustedition/2_I_H.17"/>
   </relation>
   <!-- geprüft -->
   <!--  / 25/XVII,4,15 /  / I H13 /  -->
   <date notBefore="1827-09-12" notAfter="1827-11-17">
      <comment>Inhalt, Bezug auf andere Hs. Konzept zu Tagebuch 11.-12.9.1827. .</comment>
      <comment>September bis November 1827</comment>
      <source uri="faust://bibliography/bohnenkamp1994">S.465</source>
      <source uri="faust://bibliography/fischer-lamberg1955">S.28</source>
      <item uri="faust://document/faustedition/2_I_H.13"/>
   </date>
   <!-- geprüft -->
   <!--  / 25/XVII,4,16 /  / I H14 /  -->
   <!--  / 25/XVII,4,17 /  / I H15 /  -->
   <date type="normalized" notBefore="1827-11-01" notAfter="1827-12-31">
      <comment>November oder Dezember 1827</comment>
      <comment>Bezug auf Brief auf Hs. Konzept zu Brief an Carl August , oD (Nov. oder Dez. 1827?).
         .</comment>
      <source uri="faust://bibliography/inventare_2_2">Sp.95</source>
      <item uri="faust://document/faustedition/2_I_H.15"/>
   </date>
   <!-- geprüft -->
   <!--  / 25/XVII,4,18 /  / I H16 /  -->
   <!--  / 25/XVII,4,19 /  / I H17 /  -->
   <date notBefore="1827-10-02">
      <source uri="faust://bibliography/bohnenkamp1994">S.286</source>
      <item uri="faust://document/faustedition/2_I_H.17"/>
   </date>
   <!-- geprüft -->
   <!--  / 25/XVII,4,20 /  / I H18 /  -->
   <relation name="temp-pre">
      <source uri="faust://bibliography/bohnenkamp1994">S.327</source>
      <comment>Inhalt (Grazzini). . .</comment>
      <item uri="faust://document/faustedition/2_I_H.18"/>
      <item uri="faust://document/faustedition/2_I_H.17"/>
   </relation>
   <!-- geprüft -->
   <!--  / 25/XVII,4,21 /  / I H19 /  -->
   <date type="normalized" notBefore="1827-09-12" notAfter="1827-12-31">
      <comment>Inhalt. . .</comment>
      <comment>zwischen September und Dezember 1827</comment>
      <source uri="faust://bibliography/bohnenkamp1994">S.318</source>
      <item uri="faust://inscription/faustedition/2_I_H.19/i_uebrige"/>
   </date>
   <!-- geprüft -->
   <date type="normalized" notBefore="1827-12-20" notAfter="1827-12-31">
      <comment>Inhalt. . .</comment>
      <comment>letzte Dezemberdekade 1827</comment>
      <source uri="faust://bibliography/kmommsen1960">S.206-207</source>
      <item uri="faust://inscription/faustedition/2_I_H.19/i_4"/>
   </date>
   <!-- geprüft -->
   <!--  / 25/XVII,4,22 /  / I H20 /  -->
   <!--  / 25/XVII,4,23 /  / I H21 /  -->
   <!--  / 25/XVII,4,24 /  / I H22 /  -->
   <date type="normalized" notBefore="1827-09-27" notAfter="1827-10-07">
      <comment>Brief an Johann Pyrker v. Oberwart, 2.10.1827. . .</comment>
      <source uri="faust://bibliography/inventare_2_2">Sp.98</source>
      <item uri="faust://document/faustedition/2_I_H.22"/>
   </date>
   <!-- geprüft -->
   <!--  / 25/XVII,4,25 /  / I H23 /  -->
   <relation name="temp-pre">
      <source uri="faust://bibliography/bohnenkamp1994">S.324</source>
      <comment>. . .</comment>
      <item uri="faust://document/faustedition/2_I_H.23"/>
      <item uri="faust://document/faustedition/2_I_H.17"/>
   </relation>
   <!-- geprüft -->
   <!--  / 25/XVII,4,26 /  / I H24 /  -->
   <date type="normalized" notBefore="1827-09-12" notAfter="1827-11-17">
      <comment>Inhalt</comment>
      <comment>Herbst 1827</comment>
      <comment>Bezug auf andere Hs.</comment>
      <source uri="faust://bibliography/bohnenkamp1994">S.330</source>
      <item uri="faust://document/faustedition/2_I_H.24"/>
   </date>
   <!-- geprüft -->
   <relation name="temp-pre">
      <source uri="faust://bibliography/bohnenkamp1994">S.330</source>
      <comment>Inhalt. . .</comment>
      <item uri="faust://document/faustedition/2_I_H.24"/>
      <item uri="faust://document/faustedition/2_I_H.17"/>
   </relation>
   <!-- geprüft -->
   <!--  / 25/XVII,4,27 /  / I H25 /  -->
   <date type="normalized" notBefore="1827-11-05" notAfter="1827-11-15">
      <comment>Konzept zu Brief von Goethe (?) an Cotta (?), 10.11.1827 ("Der besondere Vortheil
         dieser Uebereinkunft ...", ungedruckt in WA und QuZ IV)</comment>
      <comment>um 10.11.1827</comment>
      <source uri="faust://bibliography/gsa-datenbank"/>
      <item uri="faust://document/faustedition/2_I_H.25"/>
   </date>
   <!-- geprüft -->
   <relation name="temp-pre">
      <source uri="faust://bibliography/gsa-datenbank"/>
      <item uri="faust://document/faustedition/2_I_H.25"/>
      <item uri="faust://document/faustedition/2_I_H.26"/>
   </relation>
   <!-- geprüft -->
   <!--  / 25/XVII,4,28 /  / I H26 /  -->
   <date type="normalized" notBefore="1827-11-05" notAfter="1827-11-15">
      <comment>Konzept zu Brief von Goethe (?) an Cotta (?), 10.11.1827 ("Der besondere Vortheil
         dieser Uebereinkunft ...", ungedruckt in WA und QuZ IV)</comment>
      <comment>um 10.11.1827</comment>
      <source uri="faust://bibliography/inventare_2_2">Sp.99-100</source>
      <item uri="faust://document/faustedition/2_I_H.26"/>
   </date>
   <!-- geprüft -->
   <relation name="temp-pre">
      <comment>Konzept zu Brief von Goethe (?) an Cotta (?), 10.11.1827 ("Der besondere Vortheil
         dieser Uebereinkunft ...", ungedruckt in WA und QuZ IV)</comment>
      <source uri="faust://bibliography/gsa-datenbank"/>
      <item uri="faust://document/faustedition/2_I_H.25"/>
      <item uri="faust://document/faustedition/2_I_H.26"/>
   </relation>
   <!-- geprüft -->
   <!--  / 25/XVII,4,29 /  / I H27 /  -->
   <relation name="temp-pre">
      <source uri="faust://bibliography/gsa-datenbank"/>
      <item uri="faust://document/faustedition/2_I_H.26"/>
      <item uri="faust://document/faustedition/2_I_H.27"/>
   </relation>
   <!-- geprüft -->
   <!--  / 25/XVII,4,30 /  / I H28 /  -->
   <!--  / 25/XVII,4,31 /  / I H29 /  -->
   <date notBefore="1827-12-16" notAfter="1828-01-22">
      <comment>Inhalt. . .</comment>
      <source uri="faust://bibliography/bohnenkamp1994">S.341-342</source>
      <item uri="faust://document/faustedition/2_I_H.29"/>
   </date>
   <!-- geprüft -->
   <!--  / 25/XVII,4,32 /  / I H30 /  -->
   <!--  / 25/XVII,5,1 /  / I H31 /  -->
   <relation name="temp-pre">
      <source uri="faust://bibliography/bohnenkamp1994">S.357</source>
      <comment>. . .</comment>
      <item uri="faust://document/faustedition/2_I_H.31"/>
      <item uri="faust://inscription/faustedition/2_I_H.32/i_uebrige"/>
   </relation>
   <!-- geprüft -->
   <!--  / 25/XVII,5,2 /  / I H32 /  -->
   <date notBefore="1827-12-12" notAfter="1827-12-31">
      <comment>Inhalt. . .</comment>
      <comment>zweite Dezemberhälfte 1827</comment>
      <source uri="faust://bibliography/bohnenkamp1994">S.368</source>
      <item uri="faust://inscription/faustedition/2_I_H.32/i_uebrige"/>
   </date>
   <!-- geprüft -->
   <!--  / 25/XVII,5,3 /  / I H33 /  -->
   <date type="normalized" notBefore="1827-12-23" notAfter="1827-12-31">
      <comment>. . .</comment>
      <comment>Dezember 1827</comment>
      <source uri="faust://bibliography/bohnenkamp1994">S.349, S.352</source>
      <item uri="faust://document/faustedition/2_I_H.33"/>
   </date>
   <!-- geprüft -->
   <relation name="temp-syn">
      <source uri="faust://bibliography/bohnenkamp1994">S.349</source>
      <comment>. . .</comment>
      <item uri="faust://document/faustedition/2_I_H.33"/>
      <item uri="faust://inscription/faustedition/2_I_H.32/i_uebrige"/>
   </relation>
   <!-- geprüft -->
   <!--  / 25/XVII,5,4 /  / I H34 /  -->
   <date notBefore="1827-12-08">
      <comment>. auf Begleitschein Paket mit Stempel vom 8.12.1827. .</comment>
      <source uri="faust://bibliography/inventare_2_2">Sp.104</source>
      <item uri="faust://document/faustedition/2_I_H.34"/>
   </date>
   <!-- geprüft -->
   <!--  / 25/XVII,5,5 /  / I H34a /  -->
   <date notBefore="1827-12-22">
      <comment>. Programm des Weimarer Theaters, 22.12.1827. .</comment>
      <source uri="faust://bibliography/inventare_2_2">Sp.105</source>
      <item uri="faust://document/faustedition/2_I_H.34a"/>
   </date>
   <!-- geprüft -->
   <relation name="temp-syn">
      <source uri="faust://bibliography/gsa-datenbank"/>
      <item uri="faust://document/faustedition/2_I_H.34a"/>
      <item uri="faust://inscription/faustedition/2_I_H.32/i_uebrige"/>
   </relation>
   <!-- geprüft -->
   <!--  / 25/XVII,5,6 /  / I H35 /  -->
   <date type="normalized" notBefore="1827-12-22" notAfter="1827-12-31">
      <comment>Ende Dezember 1827</comment>
      <source uri="faust://bibliography/bohnenkamp1994">S.471</source>
      <item uri="faust://document/faustedition/2_I_H.35"/>
   </date>
   <!-- geprüft -->
   <relation name="temp-pre">
      <source uri="faust://bibliography/bohnenkamp1994">S.471</source>
      <comment>. . .</comment>
      <item uri="faust://inscription/faustedition/2_I_H.32/i_uebrige"/>
      <item uri="faust://document/faustedition/2_I_H.37"/>
      <item uri="faust://document/faustedition/2_I_H.35"/>
   </relation>
   <!-- geprüft -->
   <!--  / 25/XVII,5,7 /  / I H36 /  -->
   <date notBefore="1827-12-08" notAfter="1827-12-31">
      <comment>. . .</comment>
      <comment>Dezember 1827</comment>
      <source uri="faust://bibliography/bohnenkamp1994">S.349</source>
      <item uri="faust://document/faustedition/2_I_H.36"/>
   </date>
   <!-- geprüft -->
   <relation name="temp-syn">
      <source uri="faust://bibliography/bohnenkamp1994">S.349</source>
      <item uri="faust://document/faustedition/2_I_H.36"/>
      <item uri="faust://inscription/faustedition/2_I_H.32/i_uebrige"/>
   </relation>
   <!-- geprüft -->
   <!--  / 25/XVII,5,8 /  / I H37 /  -->
   <date notBefore="1827-12-22" notAfter="1827-12-31">
      <source uri="faust://bibliography/bohnenkamp1994">S.471</source>
      <comment>Inhalt. . . Ende Dezember 1827</comment>
      <item uri="faust://document/faustedition/2_I_H.37"/>
   </date>
   <!-- geprüft -->
   <!--  / 25/XVII,5,8 /  / I H37 /  -->
   <date notBefore="1827-12-08" notAfter="1827-12-31">
      <comment>Dezember 1827</comment>
      <source uri="faust://bibliography/bohnenkamp1994">S.349,471</source>
      <item uri="faust://document/faustedition/2_I_H.37"/>
   </date>
   <!-- geprüft -->
   <!--  / 25/XVII,5,9 /  / I H38 /  -->
   <date notBefore="1827-12-08" notAfter="1827-12-31">
      <comment>. . .</comment>
      <comment>Dezember 1827</comment>
      <source uri="faust://bibliography/bohnenkamp1994">S.349,360</source>
      <item uri="faust://document/faustedition/2_I_H.38"/>
      <!-- geprüft -->
   </date>
   <relation name="temp-pre">
      <source uri="faust://bibliography/bohnenkamp1994">S.349,360</source>
      <comment>. . .</comment>
      <item uri="faust://document/faustedition/2_I_H.38"/>
      <item uri="faust://inscription/faustedition/2_I_H.32/i_uebrige"/>
   </relation>
   <!-- geprüft -->
   <!--  / 25/XVII,5,10 /  / I H39 /  -->
   <date notBefore="1827-12-08" notAfter="1827-12-31">
      <comment>. . .</comment>
      <comment>Dezember 1827</comment>
      <source uri="faust://bibliography/bohnenkamp1994">S.349</source>
      <item uri="faust://document/faustedition/2_I_H.39"/>
   </date>
   <!-- geprüft -->
   <relation name="temp-syn">
      <comment>. . .</comment>
      <source uri="faust://bibliography/bohnenkamp1994">S.349</source>
      <item uri="faust://document/faustedition/2_I_H.39"/>
      <item uri="faust://inscription/faustedition/2_I_H.32/i_uebrige"/>
   </relation>
   <!-- geprüft -->
   <!--  / 25/XVII,5,11 /  / I H40 /  -->
   <date notBefore="1827-12-08" notAfter="1827-12-31">
      <comment>. . .</comment>
      <comment>Dezember 1827</comment>
      <source uri="faust://bibliography/bohnenkamp1994">S.349</source>
      <item uri="faust://document/faustedition/2_I_H.40"/>
   </date>
   <relation name="temp-syn">
      <comment>. . .</comment>
      <source uri="faust://bibliography/bohnenkamp1994">S.349</source>
      <item uri="faust://document/faustedition/2_I_H.40"/>
      <item uri="faust://inscription/faustedition/2_I_H.32/i_uebrige"/>
   </relation>
   <!-- geprüft -->
   <!--  / 25/XVII,5,12 /  / I H41 /  -->
   <date notBefore="1827-12-08" notAfter="1827-12-31">
      <comment>. . .</comment>
      <comment>Dezember 1827</comment>
      <source uri="faust://bibliography/bohnenkamp1994">S.349</source>
      <item uri="faust://document/faustedition/2_I_H.41"/>
   </date>
   <!-- geprüft -->
   <relation name="temp-syn">
      <comment>. . .</comment>
      <source uri="faust://bibliography/bohnenkamp1994">S.349</source>
      <item uri="faust://document/faustedition/2_I_H.41"/>
      <item uri="faust://inscription/faustedition/2_I_H.32/i_uebrige"/>
   </relation>
   <!-- geprüft -->
   <!--  / 25/XVII,5,13 /  / I H42 /  -->
   <date notBefore="1827-12-13" notAfter="1827-12-25">
      <comment>Bezug auf Gedicht auf Hs. Entwurf eines Gedichts auf der Rückseite für
         Stammbucheintrag. .</comment>
      <source uri="faust://bibliography/bohnenkamp1994">S.354</source>
      <item uri="faust://document/faustedition/2_I_H.42"/>
   </date>
   <!-- geprüft -->
   <relation name="temp-pre">
      <source uri="faust://bibliography/bohnenkamp1994">S.354</source>
      <comment>Bezug auf Gedicht auf Hs. Entwurf eines Gedichts auf der Rückseite für
         Stammbucheintrag. .</comment>
      <item uri="faust://document/faustedition/2_I_H.42"/>
      <item uri="faust://inscription/faustedition/2_I_H.32/i_uebrige"/>
   </relation>
   <!-- geprüft -->
   <!--  / 25/XVII,5,14 /  / I H43 /  -->
   <date notBefore="1827-12-22" notAfter="1827-12-22">
      <comment>Datierung auf Hs. . .</comment>
      <source uri="faust://bibliography/bohnenkamp1994">S.347</source>
      <item uri="faust://inscription/faustedition/2_I_H.43/i_uebrige"/>
   </date>
   <!-- geprüft -->
   <date notBefore="1827-12-22" notAfter="1827-12-22">
      <comment>Datierung auf Hs. . .</comment>
      <source uri="faust://bibliography/bohnenkamp1994">S.347</source>
      <item uri="faust://inscription/faustedition/H_P106/i_v"/>
   </date>
   <!-- geprüft -->
   <date notBefore="1827-12-16" notAfter="1827-12-16">
      <comment>Datierung auf Hs. . .</comment>
      <source uri="faust://bibliography/bohnenkamp1994">S.347</source>
      <item uri="faust://inscription/faustedition/H_P106/i_v"/>
   </date>
   <!-- geprüft -->
   <date notBefore="1827-12-22" notAfter="1827-12-22">
      <comment>Datierung auf Hs. . .</comment>
      <source uri="faust://bibliography/bohnenkamp1994">S.347</source>
      <item uri="faust://inscription/faustedition/2_I_H.32/i_7_v"/>
   </date>
   <!-- geprüft -->
   <!--  / 25/XVII,5,15 /  / I H44 /  -->
   <!--  / 25/XVII,5,16 /  / I H45 /  -->
   <date notBefore="1827-12-22" notAfter="1827-12-31">
      <comment>Inhalt (Gedichtentwürfe vor 27.12.1827). . .</comment>
      <comment>Ende Dezember 1827</comment>
      <source uri="faust://bibliography/bohnenkamp1994">S.372-373</source>
      <item uri="faust://document/faustedition/2_I_H.45"/>
   </date>
   <!-- geprüft -->
   <!--  / 25/XVII,5,17 /  / I H46 /  -->
   <date type="normalized" notBefore="1828-02-01" notAfter="1829-12-27">
      <comment>Zeugnis. Bericht Eckermanns über Abschluss der Szene am 27.12.1829. .</comment>
      <comment>Februar 1828, vor 27.12.1829</comment>
      <source uri="faust://bibliography/bohnenkamp1994">S.376</source>
      <item uri="faust://document/faustedition/2_I_H.46"/>
   </date>
   <!-- geprüft -->
   <!--  / 25/XVII,5,18 /  / I H47 /  -->
   <date notBefore="1829-09-03">
      <comment>. I Hn: Quittung vom 03.09.1829 auf RS. .</comment>
      <source uri="faust://bibliography/bohnenkamp1994">S.385</source>
      <item uri="faust://document/faustedition/2_I_H.47"/>
   </date>
   <!-- geprüft -->
   <relation name="temp-pre">
      <source uri="faust://bibliography/bohnenkamp1994">S.385</source>
      <comment>. I Hn: Quittung vom 03.09.1829 auf RS. .</comment>
      <item uri="faust://document/faustedition/2_I_H.50a"/>
      <item uri="faust://document/faustedition/2_I_H.47"/>
   </relation>
   <!-- geprüft -->
   <!--  / 25/XVII,5,19 /  / I H48 /  -->
   <date type="normalized" notBefore="1829-09-05" notAfter="1829-09-30">
      <comment>Bezug auf Tagebuch, 5.-6.9.1829. . .</comment>
      <comment>September 1829, nach 05.-06.09.1829</comment>
      <source uri="faust://bibliography/bohnenkamp1994">S.380-381</source>
      <item uri="faust://document/faustedition/2_I_H.48"/>
   </date>
   <!-- geprüft -->
   <!--  / 25/XVII,5,20 /  / I H49 /  -->
   <relation name="temp-pre">
      <source uri="faust://bibliography/bohnenkamp1994">S.385,381</source>
      <comment>Inhalt. . .</comment>
      <item uri="faust://document/faustedition/2_I_H.49"/>
      <item uri="faust://document/faustedition/2_I_H.50"/>
   </relation>
   <!-- geprüft -->
   <relation name="temp-pre">
      <source uri="faust://bibliography/bohnenkamp1994">S.381</source>
      <comment>Inhalt. . .</comment>
      <item uri="faust://document/faustedition/2_I_H.49"/>
      <item uri="faust://document/faustedition/2_I_H.48"/>
   </relation>
   <!-- geprüft -->
   <!--  / 25/XVII,5,21 /  / I H50 /  -->
   <!--  / 25/XVII,5,22a /  / I H50a /  -->
   <date type="normalized" notBefore="1829-09-03" notAfter="1829-11-30">
      <comment>. . .</comment>
      <comment>Herbst 1829</comment>
      <source uri="faust://bibliography/bohnenkamp1994">S.382</source>
      <item uri="faust://document/faustedition/2_I_H.50b"/>
   </date>
   <!-- geprüft -->
   <relation name="temp-pre">
      <source uri="faust://bibliography/bohnenkamp1994">S.382</source>
      <comment>. . .</comment>
      <item uri="faust://document/faustedition/2_I_H.50b"/>
      <item uri="faust://document/faustedition/2_I_H.50"/>
   </relation>
   <!-- geprüft -->
   <!--  / 25/XVII,5,23 /  / I H51 /  -->
   <!--  / 25/XVII,5,24 /  / I H52 /  -->
   <relation name="temp-pre">
      <source uri="faust://bibliography/gsa-datenbank"/>
      <comment>. . ursprünglich ein Blatt mit I H51.</comment>
      <item uri="faust://document/faustedition/2_I_H.52"/>
      <item uri="faust://document/faustedition/2_I_H.53"/>
   </relation>
   <!-- geprüft -->
   <!--  / 25/XVII,5,25 /  / I H53 /  -->
   <relation name="temp-pre">
      <source uri="faust://bibliography/gsa-datenbank"/>
      <comment>. . .</comment>
      <item uri="faust://document/faustedition/2_I_H.52"/>
      <item uri="faust://document/faustedition/2_I_H.53"/>
   </relation>
   <!-- geprüft -->
   <!--  / 25/XVII,5,26 /  / I H54 /  -->
   <relation name="temp-pre">
      <source uri="faust://bibliography/gsa-datenbank"/>
      <comment>. . .</comment>
      <item uri="faust://document/faustedition/2_I_H.54"/>
      <item uri="faust://document/faustedition/2_I_H.55"/>
   </relation>
   <!-- geprüft -->
   <!--  / 25/XVII,5,27 /  / I H55 /  -->
   <relation name="temp-pre">
      <source uri="faust://bibliography/gsa-datenbank"/>
      <comment>. . .</comment>
      <item uri="faust://document/faustedition/2_I_H.54"/>
      <item uri="faust://document/faustedition/2_I_H.55"/>
   </relation>
   <!-- geprüft -->
   <!--  / 25/XVII,5,28 /  / I H56 /  -->
   <date notBefore="1829-08-29">
      <comment>nach 29.08.1829 (?)</comment>
      <comment>Bezug auf Brief auf Hs. Konzept zu Brief an Ludwig I. von Bayern</comment>
      <source uri="faust://bibliography/fischer-lamberg1955">S.68</source>
      <item uri="faust://document/faustedition/2_I_H.56"/>
   </date>
   <!-- geprüft -->
   <!--  / 25/XVII,5,29 /  / I H57 /  -->
   <date notBefore="1829-08-28">
      <comment>nach 28.08.1829 (?)</comment>
      <comment>Briefkonzept vom 28.08.1829</comment>
      <source uri="faust://bibliography/bohnenkamp1994">S.388</source>
      <item uri="faust://document/faustedition/2_I_H.57"/>
   </date>
   <!-- geprüft -->
   <!--  / 25/XVII,5,30 /  / I H58 /  -->
   <date type="normalized" notBefore="1829-08-20" notAfter="1829-08-31">
      <comment>Ende August 1829</comment>
      <comment>. . Ursprünglich mit I H57 auf einem Bogen.</comment>
      <source uri="faust://bibliography/bohnenkamp1994">S.388</source>
      <item uri="faust://document/faustedition/2_I_H.58"/>
   </date>
   <!-- geprüft -->
   <relation name="temp-pre">
      <source uri="faust://bibliography/bohnenkamp1994">S.388</source>
      <comment>. . Ursprünglich mit I H57 auf einem Bogen.</comment>
      <item uri="faust://document/faustedition/2_I_H.58"/>
      <item uri="faust://document/faustedition/2_I_H.56"/>
   </relation>
   <!-- geprüft -->
   <!--  / 25/XVII,5,31 /  / I H59 /  -->
   <date notBefore="1829-08-29">
      <comment>nach 29.08.1829 (?)</comment>
      <comment>. Bericht von Färber, 11.8.1829. Ursprünglich mit I H56 auf einem Bogen.</comment>
      <source uri="faust://bibliography/inventare_2_2">Sp.118</source>
      <source uri="faust://bibliography/gsa-datenbank"/>
      <item uri="faust://document/faustedition/2_I_H.59"/>
   </date>
   <!-- geprüft -->
   <relation name="temp-pre">
      <source uri="faust://bibliography/bohnenkamp1994">S.388</source>
      <source uri="faust://bibliography/gsa-datenbank"/>
      <item uri="faust://document/faustedition/2_I_H.56"/>
      <item uri="faust://document/faustedition/2_I_H.59"/>
   </relation>
   <!-- geprüft -->
   <!--  / 25/XVII,5,32 /  / I H60 /  -->
   <date notBefore="1829-08-30">
      <comment>Bezug auf Tagebuch auf Hs. Tagebuchkonzepte auf der Vorderseite. .</comment>
      <source uri="faust://bibliography/bohnenkamp1994">S.378</source>
      <item uri="faust://document/faustedition/2_I_H.60"/>
   </date>
   <!-- geprüft -->
   <relation name="temp-pre">
      <source uri="faust://bibliography/gsa-datenbank"/>
      <comment>Bezug auf Tagebuch auf Hs. Tagebuchkonzepte auf der Vorderseite. .</comment>
      <item uri="faust://document/faustedition/2_I_H.60"/>
      <item uri="faust://document/faustedition/2_I_H.56"/>
   </relation>
   <!-- geprüft -->
   <!--  / 25/XVII,5,22 /  / I Hn /  -->
   <date notBefore="1829-09-03">
      <comment>Bezug auf Quittung auf Hs. Quittung vom 03.09.1829 auf RS. .</comment>
      <source uri="faust://bibliography/bohnenkamp1994">S.385</source>
      <item uri="faust://document/faustedition/2_I_H.50a"/>
   </date>
   <!-- geprüft -->
   <relation name="temp-pre">
      <source uri="faust://bibliography/bohnenkamp1994">S.385</source>
      <comment>Bezug auf Quittung auf Hs. Quittung vom 03.09.1829 auf RS. .</comment>
      <item uri="faust://document/faustedition/2_I_H.50a"/>
      <item uri="faust://document/faustedition/2_I_H.47"/>
   </relation>
   <!-- geprüft -->
   <!--  / 25/XVII,6,1 / London, British Library Autogr. Eg. 2829 f. 13 / (oS) /  -->
   <!--  / 25/XVII,6,2 / Cologny, Bibliotheca Bodmeriana / I Ha /  -->
   <!--  / oo; 25/XVII,6,3 /  / (oS) /  -->
   <!--  / oo; 25/XVII,6,3,0 /  / I Hf /  -->
   <date notBefore="1827-12-25" notAfter="1827-12-25">
      <comment>Datierung auf HS: Weynachten 1827; Am 25.12.1827 . . </comment>
      <source uri="faust://bibliography/gsa-datenbank"/>
      <item uri="faust://document/faustedition/2_I_H.9p_"/>
   </date>
   <!-- geprüft -->
   <!--  / 25/XVII,6,3a / Oxford, Bodleian Library Ms. M.D.M. d 8 / (oS) /  -->
   <!--  / 25/XVII,6,4 / Hannover, Stadtarchiv  665; V.063 (Sammlung Culemann) / I Hh /  -->
   <!--  / 25/XVII,6,4a / Goethe-Museum Düsseldorf NW 996/1967 / (oS) /  -->
   <!--  / 25/XVII,6,4b / Oxford, Bodleian Library Ms. M.D.M. d 8 / (oS) /  -->
   <!--  / 25/XVII,6,5 / Cologny, Bibliotheca Bodmeriana / I Hi /  -->
   <!--  / 25/XVII,6,5a / Oxford, Bodleian Library / I Hg /  -->
   <!--  / 25/XVII,6,6 / New York, The Pierpont Morgan Library Misc Heineman, MAH MS Goethe 2B / (oS) /  -->
   <!--  / oo; 25/XVII,6,7 /  / I Hk /  -->
   <!--  / 25/XVII,6,7a / Goethe-Museum Düsseldorf GMD inv. 1461/1975 / (oS) /  -->
   <!--  / 25/XVII,6,7b / London, British Library Ms. Germ. Fragm. Zweig 152 / I Hm /  -->
   <!--  / 25/XVII,6,8 / Cologny, Bibliotheca Bodmeriana /  /  -->
   <!--  / 25/XVII,6,9 / UB Leipzig Sammlung Hirzel, B 494 / II Hc /  -->
   <!--  / 25/XVIII,3,7 /  / III H58 /  -->
   <date notBefore="1825-05-07" notAfter="1827-05-27">
      <comment>Inhalt. . .</comment>
      <comment>Datierung auf Mai 1825</comment>
      <source uri="faust://bibliography/bohnenkamp1994">S.293</source>
      <item uri="faust://inscription/faustedition/2_III_H.58/i_v"/>
   </date>
   <!-- geprüft -->
   <date notBefore="1826-03-14" notAfter="1826-06-24">
      <comment>Inhalt. . .</comment>
      <source uri="faust://bibliography/bohnenkamp1994">S.292</source>
      <source uri="faust://self"/>
      <item uri="faust://inscription/wa/2_III_H.58/i_r/"/>
   </date>
   <!-- geprüft -->
   <date notBefore="1825-07-07">
      <source uri="faust://bibliography/fischer-lamberg1955">S.120</source>
      <item uri="faust://inscription/faustedition/2_III_H.58/i_r"/>
   </date>
   <!-- geprüft -->
   <date notAfter="1827-05-27">
      <source uri="faust://bibliography/pniower1892">S.188-189</source>
      <item uri="faust://inscription/faustedition/2_III_H.58/i_r"/>
   </date>
   <!-- geprüft -->
   <!--  / 25/XIX,1,16 /  / H P101 /  -->
   <date notBefore="1827-07-22" notAfter="1827-10-01">
      <comment>Biographie, Inhalt. Am 1. Oktober 1827 liest Goethe die fertige Szene Eckermann vor.
         .</comment>
      <comment>Sommer 1827</comment>
      <source uri="faust://bibliography/bohnenkamp1994">S.295</source>
      <item uri="faust://document/faustedition/H_P101"/>
   </date>
   <!-- geprüft -->
   <date type="normalized" notBefore="1827-08-01" notAfter="1827-08-04">
      <comment>Anfang August 1827</comment>
      <source uri="faust://bibliography/kmommsen1960">S.192</source>
      <item uri="faust://document/faustedition/H_P101"/>
   </date>
   <!-- geprüft -->
   <!--  / 27, Nr. 64 /  / H P101a /  -->
   <date type="normalized" notBefore="1827-01-01" notAfter="1828-12-31">
      <comment>Zwischen 1827 und 1828</comment>
      <comment>Bezug auf Notizbuch. Eintrag in Notizbuch mit benachbarten Datierungen. .</comment>
      <source uri="faust://bibliography/bohnenkamp1994">S.296</source>
      <item uri="faust://document/faustedition/H_P101a"/>
   </date>
   <!-- geprüft -->
   <relation name="temp-pre">
      <source uri="faust://bibliography/bohnenkamp1994">S.296</source>
      <item uri="faust://document/faustedition/H_P101"/>
      <item uri="faust://document/faustedition/H_P101a"/>
   </relation>
   <!-- geprüft -->
   <!--  / 25/XIX,1,17 /  / H P102 /  -->
   <date notBefore="1827-08-11" notAfter="1827-10-11">
      <comment>Bezug auf Tagebuch, Inhalt und Biographie. Tagebuchnotizen zum 11. und 12.10.1827 und
         Ausleihen des Buches “Tutti I trionfi” aus der Bibliothek. .</comment>
      <source uri="faust://bibliography/bohnenkamp1994">S.299-300</source>
      <item uri="faust://document/faustedition/H_P102"/>
   </date>
   <!-- geprüft -->
   <date notBefore="1827-10-11" notAfter="1827-10-11">
      <source uri="faust://bibliography/kmommsen1960">S.206"</source>
      <item uri="faust://document/faustedition/H_P102"/>
   </date>
   <!-- geprüft -->
   <date notBefore="1827-10-11">
      <source uri="faust://bibliography/collin1920">S.361</source>
      <item uri="faust://document/faustedition/H_P102"/>
   </date>
   <!-- geprüft -->
   <!--  / 25/XIX,1,18:1 /  / H P104 /  -->
   <date type="normalized" notBefore="1827-11-07" notAfter="1827-12-31">
      <comment>um 08.11.1827</comment>
      <comment>Bezug auf Brief auf Hs. Brief an Karl August Varnhagen von Ense, 8.11.1827.</comment>
      <source uri="faust://bibliography/bohnenkamp1994">S.331-332</source>
      <source uri="faust://bibliography/wa_I_15_2">S.192</source>
      <item uri="faust://document/faustedition/2_I_H.24b"/>
   </date>
   <!-- geprüft -->
   <!--  / 25/XIX,1,18 /  / H P105 /  -->
   <date notBefore="1827-11-07">
      <comment>Inhalt. . .</comment>
      <source uri="faust://bibliography/bohnenkamp1994">S.336</source>
      <item uri="faust://document/faustedition/H_P105"/>
   </date>
   <!-- geprüft -->
   <relation name="temp-pre">
      <source uri="faust://bibliography/bohnenkamp1994">S.336</source>
      <comment>Inhalt. . .</comment>
      <item uri="faust://document/faustedition/2_I_H.24b"/>
      <item uri="faust://document/faustedition/H_P105"/>
   </relation>
   <!-- geprüft -->
   <relation name="temp-pre">
      <source uri="faust://bibliography/bohnenkamp1994">S.336</source>
      <comment>Inhalt. . .</comment>
      <item uri="faust://document/faustedition/H_P105"/>
      <item uri="faust://document/faustedition/H_P106"/>
   </relation>
   <!-- geprüft -->
   <relation name="temp-pre">
      <source uri="faust://bibliography/morris1902b">S.188</source>
      <comment>Inhalt. . .</comment>
      <item uri="faust://inscription/faustedition/H_P106/i_v"/>
      <item uri="faust://document/faustedition/H_P105"/>
   </relation>
   <!-- geprüft -->
   <!--  / 25/XIX,1,18 /  / H P106 /  -->
   <date notBefore="1827-12-16" notAfter="1827-12-16">
      <comment>Datierung auf Hs. . .</comment>
      <source uri="faust://bibliography/bohnenkamp1994">S.344</source>
      <item uri="faust://document/faustedition/H_P106"/>
   </date>
   <!-- geprüft -->
   <relation name="temp-pre">
      <source uri="faust://bibliography/bohnenkamp1994">S.344</source>
      <comment>Datierung auf Hs. . .</comment>
      <item uri="faust://document/faustedition/2_I_H.24b"/>
      <item uri="faust://document/faustedition/H_P106"/>
   </relation>
   <!-- geprüft -->
   <!--  / (oS) / Veste Coburg, Autographensammlung der Kunstsammlung IV,708,10 / H P108b /  -->
   <date notBefore="1827-07-22" notAfter="1827-10-01">
      <comment>Inhalt. . .</comment>
      <comment>Sommer 1827</comment>
      <source uri="faust://bibliography/bohnenkamp1994">S.304</source>
      <item uri="faust://document/faustedition/H_P108b"/>
   </date>
   <!-- geprüft -->
   <!--  / 25/XIX,1,19 /  / H P108c /  -->
   <date notBefore="1827-07-22" notAfter="1827-10-01">
      <comment>Inhalt. . .</comment>
      <comment>Sommer 1827</comment>
      <source uri="faust://bibliography/bohnenkamp1994">S.305</source>
      <item uri="faust://document/faustedition/H_P108c"/>
   </date>
   <!-- geprüft -->
   <!--  / 25/XIX,1,20 /  / H P110a /  -->
   <date type="normalized" notBefore="1807-08-01" notAfter="1807-08-31">
      <comment>August 1807 (unsicher)</comment>
      <comment>Bezug auf Geschenkblatt. . .</comment>
      <source uri="faust://bibliography/bohnenkamp1994">S.308</source>
      <item uri="faust://document/faustedition/H_P110a"/>
   </date>
   <!-- geprüft -->
   <!--  / 25/XIX,3*b /  /  /  -->
   <!--  / 25/XVII,4,1 /  /  /  -->
   <!--  / 25/XIX,1,2 /  / H P65 /  -->
   <date type="normalized" notBefore="1775-01-01" notAfter="1798-05-05">
      <comment>relative Chronologie, Papier. Signatur “ad 20” auf Hs, bezieht sich auf numeriertes
         Faustschema. .</comment>
      <source uri="faust://bibliography/bohnenkamp1994">S.189-190</source>
      <source uri="faust://self"/>
      <item uri="faust://document/faustedition/H_P65"/>
   </date>
   <!-- geprüft -->
   <date type="normalized" notBefore="1790-01-01" notAfter="1793-12-31">
      <comment>Beginn der 1790er Jahre</comment>
      <source uri="faust://bibliography/duentzer1891a">S.248-249</source>
      <item uri="faust://document/faustedition/H_P65"/>
   </date>
   <!-- geprüft -->
   <relation name="temp-pre">
      <source uri="faust://bibliography/bohnenkamp1994">S.190</source>
      <item uri="faust://document/faustedition/H_P65"/>
      <item uri="faust://document/faustedition/H_P63"/>
   </relation>
   <!-- geprüft -->
   <!--  / 25/XIX,1,4 /  / H P69 /  -->
   <date notBefore="1797-06-24" notAfter="1798-05-05">
      <comment>Papier und Duktus. . .</comment>
      <comment>1797/1798</comment>
      <source uri="faust://bibliography/bohnenkamp1994">S.192</source>
      <item uri="faust://document/faustedition/H_P69"/>
   </date>
   <!-- geprüft -->
   <relation name="temp-pre">
      <source uri="faust://bibliography/bohnenkamp1994">S.192</source>
      <comment>Papier und Duktus. . .</comment>
      <item uri="faust://document/faustedition/H_P65"/>
      <item uri="faust://document/faustedition/H_P69"/>
   </relation>
   <!-- geprüft -->
   <!--  / 25/XIX,1,5 /  / H P75 /  -->
   <date notBefore="1797-06-24" notAfter="1798-05-05">
      <comment>Papier und Duktus. . .</comment>
      <comment>1797/1798</comment>
      <source uri="faust://bibliography/bohnenkamp1994">S.193</source>
      <item uri="faust://document/faustedition/H_P75"/>
   </date>
   <!-- geprüft -->
   <!--  / 25/XIX,1,18:4 /  / H P107 /  -->
   <date type="normalized" notBefore="1827-12-08" notAfter="1828-01-31">
      <comment>. . .</comment>
      <comment>Datierung ohne äußeren Indizien, Dezember 1827 oder Januar 1828</comment>
      <source uri="faust://bibliography/bohnenkamp1994">S.370</source>
      <item uri="faust://document/faustedition/H_P107"/>
   </date>
   <!-- geprüft -->
   <date type="normalized" notBefore="1828-01-08" notAfter="1828-01-31">
      <source uri="faust://bibliography/duentzer1891a">S.297</source>
      <item uri="faust://document/faustedition/H_P107"/>
   </date>
   <!-- geprüft -->
</macrogenesis>