<?xml version='1.0' encoding='UTF-8'?>
<?xml-model href="macrogenesis.rnc" type="application/relax-ng-compact-syntax"?><macrogenesis xmlns="http://www.faustedition.net/ns" xmlns:xsi="http://www.w3.org/2001/XMLSchema-instance">
   <relation name="temp-pre">
      <source uri="faust://bibliography/bohnenkamp1994">S.471</source>
      <comment>Inhalt. . .</comment>
      <item uri="faust://document/faustedition/2_I_H.32"/>
      <item uri="faust://document/faustedition/2_I_H.37"/>
   </relation>
   <!-- geprüft -->
   <relation name="temp-pre">
      <source uri="faust://bibliography/bohnenkamp1994">S.471</source>
      <comment>Inhalt. . .</comment>
      <item uri="faust://document/faustedition/2_I_H.37"/>
      <item uri="faust://document/faustedition/2_I_H.35"/>
   </relation>
   <!-- geprüft -->
   <!--  / 25/XVII,7,2 /  / II H1 /  -->
   <date type="normalized" notBefore="1827-09-12">
      <comment>Bezug auf Liste. Liste der Tischgäste vom 15.9.1827. .</comment>
      <source uri="faust://bibliography/bohnenkamp1994">S.468</source>
      <source uri="faust://bibliography/fischer-lamberg1955">S.25</source>
      <item uri="faust://document/faustedition/2_II_H.1"/>
   </date>
   <!-- geprüft -->
   <!--  /  / FDH II-6626 / II Ha /  -->
   <!--  / 25/XVII,7,4 /  / II H3 /  -->
   <date notBefore="1827-11-09" notAfter="1827-11-17">
      <comment>Bezug auf Brief auf Hs. Konzept zu Brief an Herzog Friedrich von Sachsen-Altenburg,
         17.11.1827. .</comment>
      <source uri="faust://bibliography/fischer-lamberg1955">S.27-28</source>
      <item uri="faust://document/faustedition/2_II_H.3"/>
   </date>
   <!-- geprüft -->
   <!--  / 25/XVII,7,5 /  / II H4 /  -->
   <date notAfter="1827-09-18">
      <comment>Bezug auf Brief. Notiz sS "war aufgeklebt in Abgesandte Briefe 1827 fol. 158 Rücks."
         (Brief an Chr. D. Rauch vom 18.9.1827). Notiz sS "war aufgeklebt in Abgesandte Briefe 1827
         fol. 158 Rücks." (Brief an Chr. D. Rauch vom 18.9.1827).</comment>
      <source uri="faust://bibliography/fischer-lamberg1955">S.28</source>
      <item uri="faust://document/faustedition/2_II_H.4"/>
   </date>
   <!-- geprüft -->
   <!--  / 25/XVII,7,6 /  / II H5 /  -->
   <date notBefore="1797-06-24" notAfter="1800-11-08">
      <comment>Datum anhand von Arbeitsperiode am Faust festgelegt, nach faust://bibliography/graef1901-1914_II_2, S.63 und S.102</comment>
      <source uri="faust://bibliography/bruening_hahn2017">S.160-161</source>
      <comment>"Das Ergebnis der Analyse spricht vielmehr eindeutig dafür, dass Vorder- und Rückseite
         des Blatts mit derselben Tinte beschrieben wurden." (S. 160)</comment>
      <item uri="faust://document/faustedition/2_II_H.5"/>
      <item uri="faust://inscription/faustedition/2_II_H.5/i_r"/>
      <item uri="faust://inscription/faustedition/2_II_H.5/i_v"/>
   </date>
   <date notBefore="1797-06-24" notAfter="1800-11-08">
      <comment>1797-1800 (Paralipomena); Papier; Inhalt. . .</comment>
      <comment>Datum anhand von Arbeitsperiode am Faust festgelegt, nach faust://bibliography/graef1901-1914_II_2, S.63 und S.102</comment>
      <source uri="faust://bibliography/bohnenkamp1994">S.204</source>
      <item uri="faust://inscription/faustedition/2_II_H.5/i_r"/>
   </date>
   <!-- geprüft -->
   <date notBefore="1825-02-26">
      <comment>ab 1825 (Verse); Papier; Inhalt. . .</comment>
      <comment>Datum anhand von Arbeitsperiode am Faust festgelegt, nach faust://bibliography/graef1901-1914_II_2, S.305 </comment>
      <source uri="faust://bibliography/bohnenkamp1994">S.204</source>
      <item uri="faust://inscription/faustedition/2_II_H.5/i_v"/>
   </date>
   <!-- geprüft -->
   <!--  / 25/XVII,7,8 /  / II H7 /  -->
   <relation name="temp-pre">
      <source uri="faust://bibliography/gsa-datenbank"/>
      <comment>. . .</comment>
      <item uri="faust://inscription/faustedition/2_II_H.74/i_uebrige"/>
      <item uri="faust://document/faustedition/2_II_H.7"/>
   </relation>
   <!-- geprüft -->
   <!--  / 25/XVII,7,9:1 /  / II H8a /  -->
   <date notAfter="1830-01-17">
      <comment>. . .</comment>
      <source uri="faust://bibliography/fischer-lamberg1955">S.31-32</source>
      <item uri="faust://document/faustedition/2_II_H.8_1"/>
   </date>
   <!-- geprüft -->
   <!--  / 25/XVII,7,9:2 /  / II H8alpha /  -->
   <relation name="temp-pre">
      <source uri="faust://bibliography/gsa-datenbank"/>
      <comment>. . .</comment>
      <item uri="faust://document/faustedition/2_II_H.8_2"/>
      <item uri="faust://document/faustedition/2_II_H.8_1"/>
   </relation>
   <!-- geprüft -->
   <relation name="temp-pre">
      <source uri="faust://bibliography/gsa-datenbank"/>
      <comment>. . .</comment>
      <item uri="faust://document/faustedition/2_II_H.14"/>
      <item uri="faust://document/faustedition/2_II_H.8_2"/>
   </relation>
   <!-- geprüft -->
   <!--  / 25/XIX,2,6:1 /  / II H9 / H P147 -->
   <date notBefore="1829-11-28" notAfter="1829-12-01">
      <comment>Bezug auf Theaterzettel auf Hs und Einladungsliste auf RS. . .</comment>
      <source uri="faust://bibliography/bohnenkamp1994">S.474</source>
      <source uri="faust://bibliography/fischer-lamberg1955">S.32</source>
      <item uri="faust://document/faustedition/2_II_H.16a"/>
   </date>
   <!-- geprüft -->
   <!--  / 25/XVII,7,10 /  / II H9 /  -->
   <date notBefore="1829-11-28" notAfter="1829-12-01">
      <comment>Bezug auf Theaterzettel. Programm des Weimarer Theaters 28.11.1829. .</comment>
      <source uri="faust://bibliography/inventare_2_2">Sp.124-125</source>
      <source uri="faust://bibliography/gsa-datenbank"/>
      <item uri="faust://document/faustedition/2_II_H.9"/>
   </date>
   <!-- geprüft -->
   <!--  / 25/XVII,7,11 /  / II H10 /  -->
   <relation name="temp-pre">
      <source uri="faust://bibliography/gsa-datenbank"/>
      <comment>. . .</comment>
      <item uri="faust://document/faustedition/2_II_H.10"/>
      <item uri="faust://document/faustedition/2_II_H.8_1"/>
   </relation>
   <!-- geprüft -->
   <!--  / 25/XVII,7,12 /  / II H11 /  -->
   <!--  / 25/XVII,7,13 /  / II H12 /  -->
   <!--  / 25/XVII,7,14 /  / II H13 /  -->
   <date notAfter="1830-01-17">
      <comment>Bezug auf Eckermanns Tagebuch 17.01.1830. . .</comment>
      <source uri="faust://bibliography/fischer-lamberg1955">S.31-32</source>
      <source uri="faust://bibliography/bohnenkamp1994">S.497</source>
      <item uri="faust://document/faustedition/2_II_H.13"/>
   </date>
   <!-- geprüft -->
   <relation name="temp-pre">
      <source uri="faust://bibliography/fischer-lamberg1955">S.31-32</source>
      <source uri="faust://bibliography/bohnenkamp1994">S.497</source>
      <comment>Bezug auf Eckermanns Tagebuch 17.01.1830. . .</comment>
      <item uri="faust://document/faustedition/2_II_H.8_1"/>
      <item uri="faust://document/faustedition/2_II_H.13"/>
   </relation>
   <!-- geprüft -->
   <relation name="temp-pre">
      <source uri="faust://bibliography/fischer-lamberg1955">S.34</source>
      <comment>Bezug auf Eckermanns Tagebuch 17.01.1830. . .</comment>
      <item uri="faust://document/faustedition/2_II_H.13"/>
      <item uri="faust://document/faustedition/2_II_H.11"/>
   </relation>
   <!-- geprüft -->
   <relation name="temp-pre">
      <source uri="faust://bibliography/bohnenkamp1994">S.497</source>
      <comment>Bezug auf Eckermanns Tagebuch 17.01.1830. . .</comment>
      <item uri="faust://document/faustedition/2_II_H.13"/>
      <item uri="faust://document/faustedition/2_II_H.25"/>
   </relation>
   <!-- geprüft -->
   <!--  / 25/XVII,7,15 /  / II H14 /  -->
   <date notBefore="1829-01-21">
      <comment>Bezug auf Theaterzettel. Programm des Weimarer Theaters 21.1.1829. .</comment>
      <source uri="faust://bibliography/inventare_2_2">Sp.127</source>
      <item uri="faust://document/faustedition/2_II_H.14"/>
   </date>
   <!-- geprüft -->
   <!--  / 25/XVII,7,16 /  / II H15 /  -->
   <date notBefore="1829-01-26">
      <comment>Bezug auf Theaterzettel. Weimarer Theaterzettel 26.12.1829. .</comment>
      <source uri="faust://bibliography/bohnenkamp1994">S.481</source>
      <item uri="faust://document/faustedition/2_II_H.15"/>
   </date>
   <!-- geprüft -->
   <!--  / 25/XVII,7,17 /  / II H16 /  -->
   <!--  / 25/XVII,7,18 /  / II H17 /  -->
   <date notAfter="1830-01-20">
      <comment>Bezug auf Eckermanns Tagebuch 20.01.1830 (Bohnenkamp); relative Chronologie
         (Fischer-Lamberg). Tagebucheintrag vom 20.01.1830. .</comment>
      <source uri="faust://bibliography/bohnenkamp1994">S.499</source>
      <item uri="faust://document/faustedition/2_II_H.17"/>
   </date>
   <!-- geprüft -->
   <date notBefore="1830-01-17">
      <comment>Bezug auf Eckermanns Tagebuch 20.01.1830 (Bohnenkamp); relative Chronologie
         (Fischer-Lamberg). Tagebucheintrag vom 20.01.1830. .</comment>
      <source uri="faust://bibliography/fischer-lamberg1955">S.36</source>
      <source uri="faust://bibliography/bohnenkamp1994">S.499</source>
      <item uri="faust://document/faustedition/2_II_H.17"/>
   </date>
   <!-- geprüft -->
   <relation name="temp-pre">
      <source uri="faust://bibliography/fischer-lamberg1955">S.36</source>
      <source uri="faust://bibliography/bohnenkamp1994">S.499</source>
      <comment>Bezug auf Eckermanns Tagebuch 20.01.1830 (Bohnenkamp); relative Chronologie
         (Fischer-Lamberg). Tagebucheintrag vom 20.01.1830. .</comment>
      <item uri="faust://document/faustedition/2_II_H.13"/>
      <item uri="faust://document/faustedition/2_II_H.17"/>
   </relation>
   <!-- geprüft -->
   <!--  / 25/XVII,7,19 /  / II H18 /  -->
   <!--  /  / FDH II-18480 / II H18a /  -->
   <!--  / 25/XVII,7,19a / FDH 18480 / (oS) /  -->
   <!--  / 25/XVII,7,20 /  / II H19 /  -->
   <!--  / 25/XVII,7,21 /  / II H20 /  -->
   <date notAfter="1830-01-29">
      <comment>. . .</comment>
      <source uri="faust://bibliography/fischer-lamberg1955">S.37</source>
      <source uri="faust://bibliography/bohnenkamp1994">S.489</source>
      <item uri="faust://document/faustedition/2_II_H.20"/>
   </date>
   <!-- geprüft -->
   <relation name="temp-pre">
      <source uri="faust://bibliography/bohnenkamp1994">S.489</source>
      <comment>. . .</comment>
      <item uri="faust://document/faustedition/2_II_H.20"/>
      <item uri="faust://document/faustedition/H_P124"/>
   </relation>
   <!-- geprüft -->
   <relation name="temp-pre">
      <source uri="faust://bibliography/bohnenkamp1994">S.489</source>
      <comment>. . .</comment>
      <item uri="faust://document/faustedition/2_II_H.20"/>
      <item uri="faust://document/wa/2_II_H.27"/>
      <item uri="faust://document/faustedition/2_II_H.28"/>
   </relation>
   <!-- geprüft -->
   <relation name="temp-pre">
      <source uri="faust://bibliography/fischer-lamberg1955">S.37</source>
      <comment>. . .</comment>
      <item uri="faust://document/faustedition/2_II_H.20"/>
      <item uri="faust://document/faustedition/H_P125"/>
   </relation>
   <!-- geprüft -->
   <!--  / 25/XVII,7,22 /  / II H21 /  -->
   <relation name="temp-pre">
      <source uri="faust://bibliography/gsa-datenbank"/>
      <comment>. . .</comment>
      <item uri="faust://document/faustedition/2_II_H.21"/>
      <item uri="faust://inscription/faustedition/2_II_H.74/i_uebrige"/>
   </relation>
   <!-- geprüft -->
   <!--  / 25/XVII,7,23 /  / II H22 /  -->
   <date type="normalized" notBefore="1830-01-28" notAfter="1830-01-31">
      <comment>. . .</comment>
      <comment>Ende Januar 1830</comment>
      <source uri="faust://bibliography/bohnenkamp1994">S.502</source>
      <source uri="faust://self"/>
      <item uri="faust://document/faustedition/2_II_H.22"/>
   </date>
   <!-- geprüft -->
   <date type="normalized" notBefore="1830-01-26" notAfter="1830-02-05">
   <comment>. . .</comment>
   <comment>Ende Januar/Anfang Februar 1830</comment>
   <source uri="faust://bibliography/fischer-lamberg1955">S.38</source>
   <item uri="faust://document/faustedition/2_II_H.22"/>
   </date>
   <!-- geprüft -->
   <!--  / 25/XVII,7,24 /  / II H24 /  -->
   <relation name="temp-pre">
      <source uri="faust://bibliography/gsa-datenbank"/>
      <comment>. . .</comment>
      <item uri="faust://document/faustedition/2_II_H.23"/>
      <item uri="faust://document/faustedition/2_II_H.24"/>
   </relation>
   <!-- geprüft -->
   <!--  / 25/XVII,7,25 /  / II H23 /  -->
   <date type="normalized" notBefore="1830-01-24" notAfter="1830-02-01">
      <comment>. . .</comment>
      <comment>Vor 29.01.1830</comment>
      <comment>Bei bohnenkamp1994 als II H.24 bezeichnet</comment>
      <source uri="faust://bibliography/bohnenkamp1994">S.507</source>
      <item uri="faust://document/faustedition/2_II_H.23"/>
   </date>
   <!-- geprüft -->
   <relation name="temp-pre">
      <source uri="faust://bibliography/bohnenkamp1994">S.507</source>
      <comment>. . .</comment>
      <comment>Bei bohnenkamp1994 als II H.24 bezeichnet</comment>
      <item uri="faust://document/faustedition/2_II_H.22"/>
      <item uri="faust://document/faustedition/2_II_H.23"/>
   </relation>
   <!-- geprüft -->
   <relation name="temp-pre">
      <source uri="faust://bibliography/bohnenkamp1994">S.507</source>
      <comment>. . .</comment>
      <comment>Bei bohnenkamp1994 als II H.24 bezeichnet</comment>
      <item uri="faust://document/faustedition/2_II_H.45"/>
      <item uri="faust://document/faustedition/2_II_H.23"/>
   </relation>
   <!-- geprüft -->
   <!--  / 25/XVII,7,26 /  / II H25 /  -->
   <date notBefore="1830-01-17">
      <comment>. . .</comment>
      <source uri="faust://bibliography/fischer-lamberg1955">S.40</source>
      <source uri="faust://bibliography/bohnenkamp1994">S.505</source>
      <item uri="faust://document/faustedition/2_II_H.25"/>
   </date>
   <!-- geprüft -->
   <relation name="temp-pre">
      <source uri="faust://bibliography/fischer-lamberg1955">S.40</source>
         <source uri="faust://bibliography/bohnenkamp1994">S.505</source>
      <comment>. . .</comment>
      <item uri="faust://document/faustedition/2_II_H.13"/>
      <item uri="faust://document/faustedition/2_II_H.25"/>
   </relation>
   <!-- geprüft -->
   <relation name="temp-pre">
      <source uri="faust://bibliography/fischer-lamberg1955">S.40</source>
         <source uri="faust://bibliography/bohnenkamp1994">S.505</source>
      <comment>. . .</comment>
      <item uri="faust://document/faustedition/2_II_H.17"/>
      <item uri="faust://document/faustedition/2_II_H.25"/>
   </relation>
   <!-- geprüft -->
   <relation name="temp-pre">
      <source uri="faust://bibliography/fischer-lamberg1955">S.40</source>
      <source uri="faust://bibliography/bohnenkamp1994">S.505</source>
      <comment>. . .</comment>
      <item uri="faust://document/faustedition/2_II_H.22"/>
      <item uri="faust://document/faustedition/2_II_H.25"/>
   </relation>
   <!-- geprüft -->
   <!--  / 25/XVII,7,27 /  / II H26 /  -->
   <relation name="temp-pre">
      <source uri="faust://bibliography/gsa-datenbank"/>
      <comment>. . .</comment>
      <item uri="faust://document/faustedition/2_II_H.26"/>
      <item uri="faust://document/wa/2_II_H.27"/>
   </relation>
   <!-- geprüft -->
   <!--  / 25/XVII,7,28:2 /  / II H27a /  -->
   <date notBefore="1830-01-25" notAfter="1830-01-29">
      <comment>Bezug auf Notiz auf Hs. Notiz zur "Revue française" Nr 12, Paris 1829. ursprünglich
         ein Folioblatt mit II H45.</comment>
      <source uri="faust://bibliography/fischer-lamberg1955">S.41</source>
      <item uri="faust://document/faustedition/2_II_H.27_2"/>
   </date>
   <!-- geprüft -->
   <!--  / 25/XVII,7,29*a /  / II H28 /  -->
   <relation name="temp-pre">
      <source uri="faust://bibliography/gsa-datenbank"/>
      <comment>. . .</comment>
      <item uri="faust://document/wa/2_II_H.27"/>
      <item uri="faust://document/faustedition/2_II_H.28"/>
   </relation>
   <!-- geprüft -->
   <!--  / 25/XVII,7,30 /  / II H29 /  -->
   <relation name="temp-pre">
      <source uri="faust://bibliography/gsa-datenbank"/>
      <comment>. . .</comment>
      <item uri="faust://document/faustedition/2_II_H.29"/>
      <item uri="faust://document/faustedition/2_II_H.30"/>
   </relation>
   <!-- geprüft -->
   <!--  / 25/XVII,7,31 /  / II H30 /  -->
   <relation name="temp-pre">
      <source uri="faust://bibliography/gsa-datenbank"/>
      <comment>. . bildete mit II H31 einen Foliobogen.</comment>
      <item uri="faust://document/faustedition/2_II_H.29"/>
      <item uri="faust://document/faustedition/2_II_H.30"/>
   </relation>
   <!-- geprüft -->
   <!--  / 25/XVII,7,32 /  / II H31 /  -->
   <!--  / 25/XVII,7,33 /  / II H31a /  -->
   <date notAfter="1830-04-19">
      <comment>Konzept zu Brief an Heinrich Gustav Hotho, 19.04.1830. . .</comment>
      <comment>vor/am 19.04.1830</comment>
      <source uri="faust://bibliography/inventare_2_2">Sp.137</source>
      <source uri="faust://bibliography/gsa-datenbank"/>
      <item uri="faust://document/faustedition/2_II_H.31a"/>
   </date>
   <!-- geprüft -->
   <!--  / 25/XVII,7,34 /  / II H32 /  -->
   <!--  / 25/XVII,7,35 /  / II H33 /  -->
   <date notBefore="1830-03-22">
      <source uri="faust://bibliography/fischer-lamberg1955">S.45</source>
      <item uri="faust://document/faustedition/2_II_H.33"/>
   </date>
   <!-- geprüft -->
   <relation name="temp-pre">
      <source uri="faust://bibliography/fischer-lamberg1955">S.45</source>
      <comment>. . .</comment>
      <item uri="faust://document/faustedition/2_II_H.33"/>
      <item uri="faust://document/faustedition/2_II_H.34"/>
   </relation>
   <!-- geprüft -->
   <!--  / 25/XVII,7,36 /  / II H34 /  -->
   <date notBefore="1830-04-23">
      <comment>. . bildete ursprünglich mit II H70, ein Folioblatt.</comment>
      <source uri="faust://bibliography/fischer-lamberg1955">S.46</source>
      <item uri="faust://document/faustedition/2_II_H.34"/>
   </date>
   <!-- geprüft -->
   <relation name="temp-pre">
      <source uri="faust://bibliography/fischer-lamberg1955">S.45</source>
      <comment>. . bildete ursprünglich mit II H70, ein Folioblatt.</comment>
      <item uri="faust://document/faustedition/2_II_H.33"/>
      <item uri="faust://document/faustedition/2_II_H.34"/>
   </relation>
   <!-- geprüft -->
   <!--  / 25/XVII,7,37 /  / II H35 /  -->
   <relation name="temp-pre">
      <source uri="faust://bibliography/gsa-datenbank"/>
      <comment>. . .</comment>
      <item uri="faust://document/faustedition/2_II_H.35"/>
      <item uri="faust://document/faustedition/2_II_H.36"/>
   </relation>
   <!-- geprüft -->
   <!--  / 25/XVII,8,1 /  / II Hb /  -->
   <!--  / 25/XVII,8,2 /  / II H37 /  -->
   <!--  / 25/XVII,8,3 /  / II H38 /  -->
   <!--  / 25/XVII,8,4 /  / II H39 /  -->
   <!--  / 25/XVII,8,5 /  / II H40 /  -->
   <!--  / 25/XVII,8,6 /  / II H41 /  -->
   <!--  / 25/XVII,8,7 /  / II H42 /  -->
   <date notBefore="1830-02-01" notAfter="1830-03-28">
      <comment>. . .</comment>
      <comment>Februar/März 1830</comment>
      <source uri="faust://bibliography/bohnenkamp1994">S.520</source>
      <item uri="faust://document/faustedition/2_II_H.42"/>
   </date>
   <!-- geprüft -->
   <!--  / 25/XVII,8,8 /  / II H43 /  -->
   <!--  / 25/XVII,8,9 /  / II H44 /  -->
   <!--  / 25/XVII,8,10 /  / II H45 /  -->
   <date notBefore="1830-01-25" notAfter="1830-01-29">
      <comment>. . bildete ursprünglich ein Folioblatt mit II H27.</comment>
      <source uri="faust://bibliography/fischer-lamberg1955">S.41-42</source>
      <source uri="faust://bibliography/bohnenkamp1994">S.507</source>
      <item uri="faust://document/faustedition/2_II_H.45"/>
   </date>
   <!-- geprüft -->
   <!--  / 25/XVII,8,11 /  / II H46 /  -->
   <date notAfter="1830-06-01">
      <comment>relative Chronologie. . auf Umschlag mit Adresse Goethes, zS.</comment>
      <comment>Datierung vor Juni 1830</comment>
      <source uri="faust://bibliography/bohnenkamp1994">S.501</source>
      <item uri="faust://document/faustedition/2_II_H.46"/>
   </date>
   <!-- geprüft -->
   <relation name="temp-syn">
      <source uri="faust://bibliography/bohnenkamp1994">S.501</source>
      <comment>relative Chronologie. . auf Umschlag mit Adresse Goethes, zS.</comment>
      <item uri="faust://document/faustedition/2_II_H.46"/>
      <item uri="faust://document/faustedition/2_II_H.22"/>
   </relation>
   <!-- geprüft -->
   <relation name="temp-syn">
      <source uri="faust://bibliography/bohnenkamp1994">S.501</source>
      <comment>relative Chronologie. . auf Umschlag mit Adresse Goethes, zS.</comment>
      <item uri="faust://document/faustedition/2_II_H.46"/>
      <item uri="faust://document/faustedition/2_II_H.25"/>
   </relation>
   <!-- geprüft -->
   <relation name="temp-pre">
      <source uri="faust://bibliography/bohnenkamp1994">S.501</source>
      <comment>relative Chronologie. . auf Umschlag mit Adresse Goethes, zS.</comment>
      <item uri="faust://document/faustedition/2_II_H.46"/>
      <item uri="faust://inscription/faustedition/2_II_H.74/i_uebrige"/>
   </relation>
   <!-- geprüft -->
   <!--  / 25/XVII,8,12 /  / II H47 /  -->
   <relation name="temp-pre">
      <source uri="faust://bibliography/gsa-datenbank"/>
      <comment>. . .</comment>
      <item uri="faust://document/faustedition/2_II_H.46"/>
      <item uri="faust://document/faustedition/2_II_H.47"/>
   </relation>
   <!-- geprüft -->
   <relation name="temp-pre">
      <source uri="faust://bibliography/gsa-datenbank"/>
      <comment>. . .</comment>
      <item uri="faust://document/faustedition/2_II_H.49"/>
      <item uri="faust://document/faustedition/2_II_H.47"/>
   </relation>
   <!-- geprüft -->
   <!--  / 25/XVII,8,13 /  / II H48 /  -->
   <date notAfter="1830-06-01">
      <comment>relative Chronologie. . auf Umschlag mit Adresse Goethes, L. Seidler.</comment>
      <comment>vor Juni 1830</comment>
      <source uri="faust://bibliography/bohnenkamp1994">S.517</source>
      <item uri="faust://document/faustedition/2_II_H.48"/>
   </date>
   <!-- geprüft -->
   <relation name="temp-pre">
      <source uri="faust://bibliography/bohnenkamp1994">S.517</source>
      <comment>relative Chronologie. . auf Umschlag mit Adresse Goethes, L. Seidler.</comment>
      <item uri="faust://document/faustedition/2_II_H.48"/>
      <item uri="faust://inscription/faustedition/2_II_H.74/i_uebrige"/>
   </relation>
   <!-- geprüft -->
   <!--  / 25/XVII,8,14 /  / II H49 /  -->
   <date notBefore="1830-02-01" notAfter="1830-06-25">
      <comment>. . .</comment>
      <comment>zwischen Februar und Juni 1830</comment>
      <comment>Datierung mit Tagebuch</comment>
      <source uri="faust://bibliography/bohnenkamp1994">S.520</source>
      <item uri="faust://document/faustedition/2_II_H.49"/>
   </date>
   <!-- geprüft -->
   <relation name="temp-pre">
      <source uri="faust://bibliography/bohnenkamp1994">S.520</source>
      <comment>. . .</comment>
      <item uri="faust://document/faustedition/2_II_H.42"/>
      <item uri="faust://document/faustedition/2_II_H.49"/>
   </relation>
   <!-- geprüft -->
   <!--  / 25/XVII,8,15 /  / II H50 /  -->
   <!--  / 25/XVII,8,16 /  / II H51 /  -->
   <!--  / 25/XVII,8,17 /  / II H52 /  -->
   <!--  / 25/XVII,8,18 /  / II H53 /  -->
   <!--  / 25/XVII,8,19 /  / II H54 /  -->
   <relation name="temp-pre">
      <source uri="faust://bibliography/gsa-datenbank"/>
      <comment>. . .</comment>
      <item uri="faust://document/faustedition/2_II_H.25"/>
      <item uri="faust://document/faustedition/2_II_H.54"/>
   </relation>
   <!-- geprüft -->
   <!--  / 25/XVII,8,20 /  / II H55 /  -->
   <date notAfter="1830-03-26">
      <comment>Bezug auf Brief auf Hs. Brief an Großherzogin Maria Pawlowna, 26.03.1830. .</comment>
      <source uri="faust://bibliography/fischer-lamberg1955">S.54</source>
      <source uri="faust://bibliography/bohnenkamp1994">S.514</source>
      <item uri="faust://document/faustedition/2_II_H.55"/>
   </date>
   <!-- geprüft -->
   <!--  / 25/XVII,8,21 /  / II H56 /  -->
   <date notBefore="1830-02-16">
      <comment>. . bildete ursprünglich mit II H19 und II H58 einen Foliobogen.</comment>
      <source uri="faust://bibliography/fischer-lamberg1955">S.55</source>
      <item uri="faust://document/faustedition/2_II_H.56"/>
   </date>
   <!-- geprüft -->
   <relation name="temp-pre">
      <source uri="faust://bibliography/fischer-lamberg1955">S.55</source>
      <comment>. . bildete ursprünglich mit II H19 und II H58 einen Foliobogen.</comment>
      <item uri="faust://document/faustedition/2_II_H.56"/>
      <item uri="faust://document/faustedition/2_II_H.57"/>
   </relation>
   <!-- geprüft -->
   <!--  / 25/XVII,8,22 /  / II H57 /  -->
   <date notBefore="1830-02-16">
      <comment>. . .</comment>
      <source uri="faust://bibliography/fischer-lamberg1955">S.55</source>
      <item uri="faust://document/faustedition/2_II_H.57"/>
   </date>
   <!-- geprüft -->
   <relation name="temp-pre">
      <source uri="faust://bibliography/fischer-lamberg1955">S.55</source>
      <comment>. . .</comment>
      <item uri="faust://document/faustedition/2_II_H.56"/>
      <item uri="faust://document/faustedition/2_II_H.57"/>
   </relation>
   <!-- geprüft -->
   <relation name="temp-pre">
      <source uri="faust://bibliography/fischer-lamberg1955">S.55</source>
      <comment>. . .</comment>
      <item uri="faust://document/faustedition/2_II_H.58"/>
      <item uri="faust://document/faustedition/2_II_H.57"/>
   </relation>
   <!-- geprüft -->
   <!--  / 25/XVII,8,23 /  / II H58 /  -->
   <date notBefore="1830-02-16">
      <comment>. . bildete ursprünglich mit II H19 und II H56 einen Foliobogen.</comment>
      <source uri="faust://bibliography/fischer-lamberg1955">S.56</source>
      <item uri="faust://document/faustedition/2_II_H.58"/>
   </date>
   <!-- geprüft -->
   <relation name="temp-pre">
      <source uri="faust://bibliography/fischer-lamberg1955">S.55</source>
      <comment>. . .</comment>
      <item uri="faust://document/faustedition/2_II_H.58"/>
      <item uri="faust://document/faustedition/2_II_H.57"/>
   </relation>
   <!-- geprüft -->
   <!--  / 25/XVII,8,24 /  / II H59 /  -->
   <!--  / 25/XVII,8,25 /  / II H60 /  -->
   <!--  / 25/XVII,8,26 /  / II H61 /  -->
   <date type="normalized" notBefore="1830-03-21" notAfter="1830-03-31">
      <comment>Bezug auf Brief auf Hs. auf Dienstschreiben, 26.3.1830. .</comment>
      <comment>um 26.03.1830</comment>
      <source uri="faust://bibliography/inventare_2_2">Sp.150</source>
      <source uri="faust://bibliography/gsa-datenbank"/>
      <item uri="faust://document/faustedition/2_II_H.61"/>
   </date>
   <!-- geprüft -->
   <relation name="temp-pre">
      <source uri="faust://bibliography/gsa-datenbank"/>
      <comment>Bezug auf Brief auf Hs. auf Dienstschreiben, 26.3.1830. .</comment>
      <item uri="faust://document/faustedition/2_II_H.61"/>
      <item uri="faust://document/faustedition/2_II_H.62"/>
   </relation>
   <!-- geprüft -->
   <!--  / 25/XVII,8,27 /  / II H62 /  -->
   <date notBefore="1830-03-26">
      <comment>Bezug auf Brief auf Hs. auf Dienstschreiben, 26.3.1830. .</comment>
      <source uri="faust://bibliography/inventare_2_2">Sp.151</source>
      <item uri="faust://document/faustedition/2_II_H.62"/>
   </date>
   <!-- geprüft -->
   <relation name="temp-pre">
      <source uri="faust://bibliography/gsa-datenbank"/>
      <comment>Bezug auf Brief auf Hs. auf Dienstschreiben, 26.3.1830. .</comment>
      <item uri="faust://document/faustedition/2_II_H.61"/>
      <item uri="faust://document/faustedition/2_II_H.62"/>
   </relation>
   <!-- geprüft -->
   <!--  / 25/XVII,8,28 /  / II H63 /  -->
   <date notBefore="1829-12-29">
      <comment>Bezug auf Theaterzettel auf Hs. auf Theaterprogramm, [29.12.1829]. .</comment>
      <source uri="faust://bibliography/inventare_2_2">Sp.151</source>
      <item uri="faust://document/faustedition/2_II_H.63"/>
   </date>
   <!-- geprüft -->
   <!--  / 25/XVII,8,29:1 /  / II H64 /  -->
   <!--  / 25/XVII,8,29:2 /  / II H65 /  -->
   <!--  / 25/XVII,8,29:2 /  / II H66 /  -->
   <!--  / 25/XVII,8,30 /  / II H67 /  -->
   <!--  / 25/XVII,8,31 /  / II H68 /  -->
   <!--  / 25/XVII,8,32 /  / II H69 /  -->
   <!--  / 25/XVII,8,33 /  / II H70 /  -->
   <date notBefore="1830-08-29">
      <comment>Bezug auf Brief auf Hs. Konzept zu Brief an H. Wilmans, 29.8.1830; Konzept zu
         Begleitschreiben an Carlyle, 29.8.1830; Konzept zu Weisung der Oberaufsicht über die
         unmittelbaren Anstalten für Wissenschaft und Kunst an Schrön, 2.7.1830. .</comment>
      <source uri="faust://bibliography/fischer-lamberg1959">S.282-286</source>
      <item uri="faust://document/faustedition/2_II_H.70"/>
   </date>
   <!-- geprüft -->
   <!--  / 25/XVII,8,34 /  / II H71 /  -->
   <date notBefore="1830-06-12">
      <comment>Bezug auf Theaterzettel auf Hs. auf Theaterprogramm, 12.06.1830. .</comment>
      <source uri="faust://bibliography/inventare_2_2">Sp.154</source>
      <item uri="faust://document/faustedition/2_II_H.71"/>
   </date>
   <!-- geprüft -->
   <!--  / 25/XVII,8,35 /  / II H72 /  -->
   <!--  / 25/XVII,8,36 /  / II H73 /  -->
   <!--  / 25/XVII,8,37 /  / II H74 /  -->
   <date notAfter="1830-06-25">
      <comment>Zeugnis. Goethe an seinen Sohn am 25.06.1830. enthielt ursprünglich auch II Hb und
         Original zu II Hc.</comment>
      <source uri="faust://bibliography/bohnenkamp1994">S.524</source>
      <item uri="faust://inscription/faustedition/2_II_H.74/i_uebrige"/>
   </date>
   <!-- geprüft -->
   <relation name="temp-pre">
      <source uri="faust://bibliography/fischer-lamberg1955">S.19-66</source>
      <source uri="faust://bibliography/bohnenkamp1994">S.524</source>
      <comment>Zeugnis. Goethe an seinen Sohn am 25.06.1830. enthielt ursprünglich auch II Hb und
         Original zu II Hc.</comment>
      <item uri="faust://inscription/faustedition/2_II_H.74/i_uebrige"/>
      <item uri="faust://inscription/faustedition/2_II_H.74/i_2"/>
   </relation>
   <!-- geprüft -->
   <relation name="temp-pre">
      <source uri="faust://bibliography/fischer-lamberg1955">S.19-66</source>
      <source uri="faust://bibliography/bohnenkamp1994">S.524</source>
      <comment>Zeugnis. Goethe an seinen Sohn am 25.06.1830. enthielt ursprünglich auch II Hb und
         Original zu II Hc.</comment>
      <item uri="faust://inscription/faustedition/2_II_H.74/i_uebrige"/>
      <item uri="faust://inscription/faustedition/2_II_H.74/i_23_m"/>
   </relation>
   <!-- geprüft -->
   <!--  / 25/XIX,1,15 /  / H P99A /  -->
   <!--  / 25/XIX,1,21b /  / H P123B /  -->
   <date notBefore="1826-12-15" notAfter="1826-12-15">
      <comment>Datierung auf Hs. Konzept zu Brief an Friedrich Heinrich von der Hagen, 28.4.1827.
         Vgl. Tagebuch, 15.-18.12.1826 (danach Entstehungszeit auf 15.-18.121826 zu
         korriegieren?).</comment>
      <comment>Ueberlieferte Datierung: 15. Decbr. 1826.</comment>
      <source uri="faust://bibliography/pniower1899">S.167</source>
      <source uri="faust://bibliography/bohnenkamp1994">S.455-457</source>
      <item uri="faust://document/faustedition/H_P123.2"/>
   </date>
   <!-- geprüft -->
   <!--  / 25/XIX,1,21c /  / H P123C /  -->
   <date notBefore="1826-12-17" notAfter="1826-12-17">
      <comment>Datierung auf Hs. . .</comment>
      <source uri="faust://bibliography/pniower1899">S.167</source>
      <source uri="faust://bibliography/bohnenkamp1994">S.455-457</source>
      <item uri="faust://document/faustedition/H_P123.5"/>
   </date>
   <!-- geprüft -->
   <!--  / 25/XIX,1,21d:1 /  / H P123A /  -->
   <date notBefore="1826-06-10" notAfter="1826-06-10">
      <comment>Datierung auf Hs. . .</comment>
      <source uri="faust://bibliography/pniower1899">S.155-156</source>
      <source uri="faust://bibliography/bohnenkamp1994">S.416</source>
      <item uri="faust://document/faustedition/H_P123.1"/>
   </date>
   <!-- geprüft -->
   <!--  / 25/XIX,2,1 /  / H P124 /  -->
   <date notAfter="1830-02-06">
      <source uri="faust://bibliography/bohnenkamp1994">S.492</source>
      <item uri="faust://document/faustedition/H_P124"/>
   </date>
   <!-- geprüft -->
   <date notAfter="1830-02-06">
      <source uri="faust://bibliography/bohnenkamp1994">S.492</source>
      <item uri="faust://document/faustedition/H_P124"/>
   </date>
   <!-- geprüft -->
   <relation name="temp-pre">
      <source uri="faust://bibliography/hertz1931">S.162</source>
         <source uri="faust://bibliography/bohnenkamp1994">S.510</source>
      <comment>Relative Chronologie und Bezug auf Tagebucheintrag. Erwähnung des Schemas im
         Tagebucheintrag vom 16.1.1830. .</comment>
      <item uri="faust://document/faustedition/H_P124"/>
      <item uri="faust://document/faustedition/H_P125"/>
   </relation>
   <!-- geprüft -->
   <!--  / 25/XIX,2,2 /  / H P125 /  -->
   <date notBefore="1830-02-06" notAfter="1830-02-06">
      <comment>Datierung auf Hs. . .</comment>
      <source uri="faust://bibliography/bohnenkamp1994">S.510-511</source>
      <item uri="faust://document/faustedition/H_P125"/>
   </date>
   <!-- geprüft -->
   <!--  / 25/XIX,2,3 /  / H P126 /  -->
   <date type="normalized" notBefore="1830-06-09" notAfter="1830-06-20">
      <comment>. . .</comment>
      <comment>um 14.-15. Juni 1830</comment>
      <source uri="faust://bibliography/bohnenkamp1994">S.521</source>
      <item uri="faust://document/faustedition/H_P126"/>
   </date>
   <!-- geprüft -->
   <!--  / 25/XIX,2,5 /  / H P140 /  -->
   <date notBefore="1825-03-21">
      <comment>Bezug auf Briefentwurf auf Hs, Inhalt. Brief an Fritsch am 21.03.1825. .</comment>
      <source uri="faust://bibliography/bohnenkamp1994">S.409</source>
      <item uri="faust://document/faustedition/H_P140"/>
   </date>
   <!-- geprüft -->
   <!--  / 25/XIX,2,7 /  / H P149 /  -->
   <date notBefore="1829-10-17" notAfter="1829-10-17">
      <comment>Datierung auf Hs. . .</comment>
      <source uri="faust://bibliography/bohnenkamp1994">S.472</source>
      <item uri="faust://document/faustedition/H_P149"/>
   </date>
   <!-- geprüft -->
   <!--  / 25/XIX,2,8 /  / H P157 /  -->
   <date notBefore="1830-06-18" notAfter="1830-06-18">
      <comment>Datierung auf Hs. . .</comment>
      <source uri="faust://bibliography/bohnenkamp1994">S.527</source>
      <item uri="faust://document/faustedition/H_P157"/>
   </date>
   <!-- geprüft -->
   <!--  / 25/XIX,2,9:1 /  / H P159 /  -->
   <date notAfter="1830-12-02">
      <comment>Inhalt. . .</comment>
      <comment>vor Dezember 1830</comment>
      <comment>Datierung mit Tagebuch, WA_III_12, S.337</comment>
      <source uri="faust://bibliography/bohnenkamp1994">S.529</source>
      <item uri="faust://document/faustedition/H_P159"/>
   </date>
   <!-- geprüft -->
   <!--  / 25/XIX,2,9:2 /  / H P160 /  -->
   <date notAfter="1830-12-02">
      <comment>Inhalt. . .</comment>
      <comment>vor Dezember 1830</comment>
      <comment>Datierung mit Tagebuch WA_III_12, S.337</comment>
      <source uri="faust://bibliography/bohnenkamp1994">S.530</source>
      <item uri="faust://document/faustedition/H_P160"/>
   </date>
   <!-- geprüft -->
   <!--  / 25/XIX,2,10 /  / H P161 /  -->
   <relation name="temp-pre">
      <source uri="faust://bibliography/bohnenkamp1994">S.531</source>
      <comment>Papier. . ergänzte sich ursprünglich mit II H.12 (25/XVII,7,13) zu einem
         Umschlag.</comment>
      <item uri="faust://document/faustedition/2_II_H.12"/>
      <item uri="faust://document/faustedition/H_P161"/>
   </relation>
   <!-- geprüft -->
   <!--  / 25/XIX,3*c /  /  /  -->
   <!--  / 25/XIX,1,15:1 /  / H P99B /  -->
   <date notBefore="1826-11-10" notAfter="1826-11-10">
      <comment>Bezug auf Tagebucheintrag. Tagebucheintrag vom 10.11.1826. .</comment>
      <source uri="faust://bibliography/bohnenkamp1994">S.421-423</source>
      <item uri="faust://document/faustedition/H_P99.2"/>
   </date>
   <!-- geprüft -->
   <relation name="temp-pre">
      <source uri="faust://bibliography/pniower1899">S.164-165</source>
      <source uri="faust://bibliography/bohnenkamp1994">S.421-423</source>
      <comment>Bezug auf Tagebucheintrag. Tagebucheintrag vom 10.11.1826. .</comment>
      <item uri="faust://document/faustedition/H_P99.1"/>
      <item uri="faust://document/faustedition/H_P99.2"/>
   </relation>
   <!-- geprüft -->
</macrogenesis>