<?xml version='1.0' encoding='UTF-8'?>
<?xml-model href="macrogenesis.rnc" type="application/relax-ng-compact-syntax"?><macrogenesis xmlns="http://www.faustedition.net/ns" xmlns:xsi="http://www.w3.org/2001/XMLSchema-instance">
   <!--  / 25/XVII,4,1a / Marbach, Cotta-Archiv, Goethe 23 / H Co (Schöne) /  -->
   <!-- 391357 / 25/XVII,2,3 /  / H P4 /  -->
   <date type="normalized" notBefore="1798-08-01" notAfter="1798-09-15">
      <comment>Inhalt, Biographie. . .</comment>
      <comment>August bis Mitte September 1798</comment>
      <source uri="faust://bibliography/bohnenkamp1994">S.217</source>
      <item uri="faust://document/faustedition/H_P4"/>
   </date>
   <!-- geprüft -->
   <!-- 390887 / 25/XVII,2,12 /  / H P20 /  -->
   <date notBefore="1797-06-24" notAfter="1798-05-05">
      <comment>Papier, Inhalt. . .</comment>
      <comment>Unsicher (1797/1798)</comment>
      <source uri="faust://bibliography/grumach1953">S.67</source>
      <source uri="faust://bibliography/bohnenkamp1994">S.197-198</source>
      <item uri="faust://document/faustedition/H_P20"/>
   </date>
   <!-- geprüft Bohnenkamp -->
   <relation name="temp-pre">
      <source uri="faust://bibliography/grumach1953">S.67</source>
      <source uri="faust://bibliography/bohnenkamp1994">S.197-198</source>
      <comment>Papier, Inhalt. . .</comment>
      <item uri="faust://document/faustedition/H_P20"/>
      <item uri="faust://document/faustedition/H_P82"/>
   </relation>
   <!-- geprüft Bohnenkamp -->
   <relation name="temp-syn">
      <source uri="faust://bibliography/grumach1953">S.67</source>
      <source uri="faust://bibliography/bohnenkamp1994">S.197-198</source>
      <comment>Papier, Inhalt. . .</comment>
      <item uri="faust://document/faustedition/H_P20"/>
      <item uri="faust://document/faustedition/1_H.4"/>
   </relation>
   <!-- geprüft Bohnenkamp -->
   <!-- 391374 / 25/XVII,2,21 /  / H P32 /  -->
   <date notBefore="1800-11-02" notAfter="1800-11-08">
      <comment>Inhalt (unsicher). . .</comment>
      <comment>unsicher (Ende 1800?)</comment>
      <source uri="faust://bibliography/bohnenkamp1994">S.180</source>
      <item uri="faust://document/faustedition/H_P32"/>
   </date>
   <!-- geprüft -->
   <!-- 390856 / 25/XVII,2,23 /  / H P47 /  -->
   <date notBefore="1808-10-01">
      <comment>Inhalt. . .</comment>
      <comment>Ende 1808 als terminus a quo</comment>
      <source uri="faust://bibliography/bohnenkamp1994">S.244</source>
      <item uri="faust://document/faustedition/H_P47"/>
   </date>
   <!-- geprüft -->
   <!-- 391066 / 25/XVII,2,26 /  / H P62a /  -->
   <date notBefore="1800-11-02" notAfter="1806-04-04">
      <comment>Bezug zur Walpurgisnacht</comment>
      <source uri="faust://bibliography/wa_I_53">S.367</source>
      <comment>Angabe nach faust://bibliography/bohnenkamp1994, S.158. Dort wird Zuordnung zum Faust 
      für fraglich gehalten.</comment>
      <item uri="faust://document/faustedition/H_P62a"/>
   </date>
   <!-- geprüft -->
   <!--  / 25/XIX,1,7 /  / H P81 /  -->
   <date notBefore="1797-06-24" notAfter="1798-05-05">
      <comment>Inhalt, Papier, Duktus. Signatur “ad 22” auf Hs, bezieht sich auf nummeriertes Faustschema. .</comment>
      <comment>1797/1798</comment>
      <source uri="faust://bibliography/bohnenkamp1994">S.195</source>
      <item uri="faust://document/faustedition/H_P81"/>
   </date>
   <!-- geprüft -->
   <!--  / 25/XXVI, FU 26 /  / H P13 /  -->
   <date type="normalized" notBefore="1788-05-01" notAfter="1789-09-30">
      <comment>Biographie. Eintrag in einem Notizheft, das Goethe auf der Rückreise von Rom im Sommer 1788 nach Weimar nutzte. .</comment>
      <comment>Sommer 1788</comment>
      <source uri="faust://bibliography/bohnenkamp1994">S.112</source>
      <item uri="faust://document/faustedition/H_P13"/>
   </date>
   <!-- geprüft -->
   <!--  / 25/XIX,1,6 /  / H P78 /  -->
   <!--  / 25/XVII,7,3:1 /  / II H2a /  -->
   <!--  / 25/XVII,7,3:3 /  / II H2c /  -->
   <date notBefore="1827-09-27">
      <comment>Bezug auf Schreiben. Deklaration zu einer Beuthschen Sendung (27.09.1827). .</comment>
      <source uri="faust://bibliography/fischer-lamberg1955">S.26-27</source>
      <source uri="faust://bibliography/bohnenkamp1994">S.467</source>
      <item uri="faust://document/faustedition/2_II_H.2_3"/>
   </date>
   <!-- geprüft -->
   <!--  / 25/XIX,2,4 /  / II H2d / H P129Var -->
   <date notBefore="1827-09-27">
      <comment>. . .</comment>
      <source uri="faust://bibliography/fischer-lamberg1955">S.27</source>
      <source uri="faust://bibliography/bohnenkamp1994">S.467</source>
      <item uri="faust://document/faustedition/H_P129_Var_"/>
   </date>
   <!-- geprüft -->
   <!--  / 25/XVII,7,7 /  / II H6 /  -->
   <date type="normalized" notBefore="1829-12-01">
      <comment>Inhalt. . .</comment>
      <comment>um Dezember 1829 oder später</comment>
      <source uri="faust://bibliography/bohnenkamp1994">S.485</source>
      <item uri="faust://document/faustedition/2_II_H.6"/>
   </date>
   <!-- geprüft -->
   <!--  / 25/XIX,2,23 /  / H P190 /  -->
   <relation name="temp-syn">
      <source uri="faust://bibliography/witkowski1894">S.446</source>
      <source uri="faust://bibliography/bohnenkamp1994">S.703</source>
      <comment>Zuordnung unsicher</comment>
      <item uri="faust://document/faustedition/H_P190"/>
      <item uri="faust://document/faustedition/H_P190a"/>
   </relation>
   <!-- geprüft -->
   <!--  / 25/XIX,2,24:1 /  / H P190a /  -->
   <date notAfter="1831-11-11">
      <comment>Tagebuchkonzepte auf Hs. Tagebuchkonzepte auf der Rückseite. .</comment>
      <comment>unsicher, vor 10.-11. November 1831</comment>
      <source uri="faust://bibliography/bohnenkamp1994">S.702</source>
      <item uri="faust://document/faustedition/H_P190a"/>
   </date>
   <!-- geprüft -->
   <!--  / 25/XIX,2,24:2 /  / H P190b /  -->
   <!--  / 25/XVII,7,3:2 /  / II H2b /  -->
   <date notBefore="1827-09-29">
      <comment>Bezug auf Theaterzettel auf Hs. Theaterzettel vom 29.09.1827. .</comment>
      <source uri="faust://bibliography/morris1902b">S.183</source>
      <source uri="faust://bibliography/fischer-lamberg1955">S.25-26</source>
      <source uri="faust://bibliography/bohnenkamp1994">S.468</source>
      <item uri="faust://document/faustedition/2_II_H.2_1"/>
   </date>
   <!-- geprüft -->
   <!--  / 25/XIX,1,21d:2 /  / (oS) /  W_1772 -->
   <date notBefore="1830-01-01" notAfter="1830-01-31">
      <comment>. . .</comment>
      <comment>Januar 1830</comment>
      <source uri="faust://bibliography/gsa-datenbank"/>
      <item uri="faust://document/gsa_2/GSA_25_W_1772"/>
   </date>
   <!-- geprüft -->
</macrogenesis>