<?xml version='1.0' encoding='UTF-8'?>
<?xml-model href="../macrogenesis.rnc" type="application/relax-ng-compact-syntax"?><macrogenesis xmlns="http://www.faustedition.net/ns" xmlns:xsi="http://www.w3.org/2001/XMLSchema-instance">
  <!-- Cf. https://github.com/faustedition/xml/issues/600 -->
  <relation name="temp-pre">
    <source uri="faust://self"/>
    <comment>John</comment>
    <item uri="faust://document/faustedition/2_V_H.15a"/>
    <item uri="faust://document/faustedition/2_V_H.15b"/>
  </relation>
  <relation name="temp-pre">
    <source uri="faust://self"/>
    <comment>Abschrift, zS</comment>
    <item uri="faust://document/faustedition/2_V_H.26"/>
    <item uri="faust://document/faustedition/2_V_H.26a"/>
  </relation>
  <relation name="temp-pre">
    <source uri="faust://self"/>
    <comment>John</comment>
    <item uri="faust://document/faustedition/2_V_H.37e"/>
    <item uri="faust://document/faustedition/2_V_H.37f"/>
  </relation>
  <relation name="temp-pre">
    <source uri="faust://self"/>
    <comment>Reihenfolge textuell begründet</comment>
    <item uri="faust://document/faustedition/2_V_H.37f"/>
    <item uri="faust://document/faustedition/2_V_H.37g"/>
  </relation>
</macrogenesis>