<?xml version='1.0' encoding='UTF-8'?>
<?xml-model href="../../macrogenesis.rnc" type="application/relax-ng-compact-syntax"?><macrogenesis xmlns="http://www.faustedition.net/ns" xmlns:xsi="http://www.w3.org/2001/XMLSchema-instance">

    <relation name="temp-pre">
        <source uri="faust://bibliography/wa_I_15_2">S.14</source>
        <item uri="faust://document/faustedition/2_H"/>
        <item uri="faust://document/wa/C_12"/>
    </relation>
    <relation name="temp-pre">
        <source uri="faust://bibliography/wa_I_15_2">S.14</source>
        <item uri="faust://document/faustedition/2_H"/>
        <item uri="faust://document/wa/C_41"/>
    </relation>
    <relation name="temp-pre">
        <source uri="faust://bibliography/wa_I_15_2">S.15</source>
        <item uri="faust://document/faustedition/2_I_H.2"/>
        <item uri="faust://document/faustedition/2_H"/>
    </relation>
    <relation name="temp-pre">
        <source uri="faust://bibliography/wa_I_15_2">S.15</source>
        <item uri="faust://document/faustedition/2_H"/>
        <item uri="faust://bibliography/C.1_41"/>
    </relation>
    <relation name="temp-pre">
        <source uri="faust://bibliography/wa_I_15_2">S.15</source>
        <item uri="faust://document/faustedition/2_I_H.4"/>
        <item uri="faust://document/wa/2_I_H.alpha"/>
        <item uri="faust://document/faustedition/2_H"/>
    </relation>
    <relation name="temp-pre">
        <source uri="faust://bibliography/wa_I_15_2">S.15</source>
        <item uri="faust://document/faustedition/2_I_H.7"/>
        <item uri="faust://document/faustedition/2_H"/>
        <item uri="faust://document/wa/C_41"/>
    </relation>
    <relation name="temp-pre">
        <source uri="faust://bibliography/wa_I_15_2">S.16</source>
        <item uri="faust://document/faustedition/2_I_H.9e_"/>
        <item uri="faust://document/faustedition/2_I_H.9i_"/>
    </relation>
    <relation name="temp-pre">
        <source uri="faust://bibliography/wa_I_15_2">S.16</source>
        <item uri="faust://document/faustedition/2_I_H.9n_"/>
        <item uri="faust://document/wa/C_41"/>
    </relation>
    <relation name="temp-pre">
        <source uri="faust://bibliography/wa_I_15_2">S.16</source>
        <item uri="faust://document/wa/2_I_H.9"/>
        <item uri="faust://document/wa/C"/>
    </relation>
    <relation name="temp-pre">
        <source uri="faust://bibliography/wa_I_15_2">S.16</source>
        <item uri="faust://document/faustedition/2_I_H.9n_"/>
        <item uri="faust://document/wa/2_I_H.9"/>
        <item uri="faust://document/faustedition/2_H"/>
    </relation>
    <relation name="temp-pre">
        <source uri="faust://bibliography/wa_I_15_2">S.16</source>
        <item uri="faust://document/faustedition/2_I_H.4"/>
        <item uri="faust://document/wa/2_I_H.alpha"/>
        <item uri="faust://document/faustedition/2_H"/>
    </relation>
    <relation name="temp-pre">
        <source uri="faust://bibliography/wa_I_15_2">S.16</source>
        <item uri="faust://document/faustedition/2_H"/>
        <item uri="faust://document/wa/C_12"/>
    </relation>
    <relation name="temp-pre">
        <source uri="faust://bibliography/wa_I_15_2">S.17</source>
        <item uri="faust://document/faustedition/2_I_H.14"/>
        <item uri="faust://document/wa/C"/>
    </relation>
    <relation name="temp-pre">
        <source uri="faust://bibliography/wa_I_15_2">S.17</source>
        <item uri="faust://document/faustedition/2_I_H.13"/>
        <item uri="faust://document/faustedition/2_H"/>
    </relation>
    <relation name="temp-pre">
        <source uri="faust://bibliography/wa_I_15_2">S.17</source>
        <item uri="faust://document/faustedition/2_I_H.15"/>
        <item uri="faust://document/faustedition/2_I_H.15a"/>
    </relation>
    <relation name="temp-pre">
        <source uri="faust://bibliography/wa_I_15_2">S.17f</source>
        <item uri="faust://document/faustedition/2_I_H.15b"/>
        <item uri="faust://document/wa/C_12"/>
    </relation>
    <relation name="temp-pre">
        <source uri="faust://bibliography/wa_I_15_2">S.18</source>
        <item uri="faust://document/faustedition/2_I_H.15b"/>
        <item uri="faust://document/faustedition/2_H"/>
    </relation>
    <relation name="temp-pre">
        <source uri="faust://bibliography/wa_I_15_2">S.18</source>
        <item uri="faust://document/faustedition/2_I_H.17"/>
        <item uri="faust://document/faustedition/2_H"/>
    </relation>
    <relation name="temp-pre">
        <source uri="faust://bibliography/wa_I_15_2">S.19</source>
        <item uri="faust://document/faustedition/2_I_H.18"/>
        <item uri="faust://document/wa/C_12"/>
    </relation>
    <relation name="temp-pre">
        <source uri="faust://bibliography/wa_I_15_2">S.19</source>
        <item uri="faust://document/faustedition/2_I_H.19"/>
        <item uri="faust://document/faustedition/2_I_H.20"/>
    </relation>
    <relation name="temp-pre">
        <source uri="faust://bibliography/wa_I_15_2">S.20</source>
        <item uri="faust://document/faustedition/2_I_H.21"/>
        <item uri="faust://document/faustedition/2_I_H.17"/>
    </relation>
    <relation name="temp-pre">
        <source uri="faust://bibliography/wa_I_15_2">S.20</source>
        <item uri="faust://inscription/faustedition/2_I_H.21/alpha"/>
        <item uri="faust://document/faustedition/2_I_H.21"/>
    </relation>
    <relation name="temp-pre">
        <source uri="faust://bibliography/wa_I_15_2">S.20</source>
        <item uri="faust://inscription/faustedition/2_I_H.21/alpha"/>
        <item uri="faust://document/faustedition/2_I_H.20"/>
    </relation>
    <relation name="temp-pre">
        <source uri="faust://bibliography/wa_I_15_2">S.20</source>
        <item uri="faust://document/faustedition/2_I_H.21"/>
        <item uri="faust://document/wa/C_12"/>
    </relation>
    <relation name="temp-pre">
        <source uri="faust://bibliography/wa_I_15_2">S.20</source>
        <item uri="faust://document/faustedition/2_I_H.17"/>
        <item uri="faust://document/faustedition/2_H"/>
        <item uri="faust://document/wa/C_41"/>
    </relation>
    <relation name="temp-pre">
        <source uri="faust://bibliography/wa_I_15_2">S.20</source>
        <item uri="faust://document/faustedition/2_I_H.21"/>
        <item uri="faust://document/faustedition/2_I_H.17"/>
        <item uri="faust://document/faustedition/2_I_H.18"/>
        <item uri="faust://document/faustedition/2_H"/>
    </relation>
    <relation name="temp-pre">
        <source uri="faust://bibliography/wa_I_15_2">S.20</source>
        <item uri="faust://document/faustedition/2_I_H.22"/>
        <item uri="faust://document/faustedition/2_I_H.17"/>
    </relation>
    <relation name="temp-pre">
        <source uri="faust://bibliography/wa_I_15_2">S.21</source>
        <item uri="faust://document/faustedition/2_I_H.24"/>
        <item uri="faust://document/faustedition/2_I_H.17"/>
        <item uri="faust://document/faustedition/2_H"/>
        <item uri="faust://document/wa/C_41"/>
    </relation>
    <relation name="temp-pre">
        <source uri="faust://bibliography/wa_I_15_2">S.22</source>
        <item uri="faust://document/faustedition/2_I_H.27"/>
        <item uri="faust://document/faustedition/2_I_H.25"/>
        <item uri="faust://document/faustedition/2_I_H.26"/>
    </relation>
    <relation name="temp-pre">
        <source uri="faust://bibliography/wa_I_15_2">S.22</source>
        <item uri="faust://document/faustedition/2_I_H.24c"/>
        <item uri="faust://document/faustedition/2_H"/>
    </relation>
    <relation name="temp-pre">
        <source uri="faust://bibliography/wa_I_15_2">S.23</source>
        <item uri="faust://document/faustedition/2_I_H.24"/>
        <item uri="faust://document/faustedition/2_I_H.24c"/>
    </relation>
    <relation name="temp-pre">
        <source uri="faust://bibliography/wa_I_15_2">S.23</source>
        <item uri="faust://document/faustedition/2_I_H.10"/>
        <item uri="faust://document/faustedition/2_H"/>
    </relation>
    <relation name="temp-pre">
        <source uri="faust://bibliography/wa_I_15_2">S.23</source>
        <item uri="faust://document/faustedition/2_I_H.28"/>
        <item uri="faust://document/faustedition/2_H"/>
    </relation>
    <relation name="temp-pre">
        <source uri="faust://bibliography/wa_I_15_2">S.23</source>
        <item uri="faust://document/faustedition/2_I_H.29"/>
        <item uri="faust://document/faustedition/2_I_H.28"/>
    </relation>
    <relation name="temp-pre">
        <source uri="faust://bibliography/wa_I_15_2">S.23</source>
        <item uri="faust://document/faustedition/2_I_H.29"/>
        <item uri="faust://document/faustedition/2_H"/>
    </relation>
    <relation name="temp-pre">
        <source uri="faust://bibliography/wa_I_15_2">S.23</source>
        <item uri="faust://document/faustedition/2_I_H.30"/>
        <item uri="faust://document/faustedition/2_H"/>
    </relation>
    <relation name="temp-pre">
        <source uri="faust://bibliography/wa_I_15_2">S.23</source>
        <item uri="faust://document/faustedition/2_I_H.29"/>
        <item uri="faust://document/faustedition/2_I_H.31"/>
    </relation>
    <relation name="temp-pre">
        <source uri="faust://bibliography/wa_I_15_2">S.24</source>
        <item uri="faust://document/faustedition/2_I_H.31"/>
        <item uri="faust://document/faustedition/2_I_H.32"/>
        <item uri="faust://document/faustedition/2_H"/>
    </relation>
    <relation name="temp-pre">
        <source uri="faust://bibliography/wa_I_15_2">S.24</source>
        <item uri="faust://document/faustedition/2_I_H.33"/>
        <item uri="faust://document/faustedition/2_H"/>
    </relation>
    <relation name="temp-pre">
        <source uri="faust://bibliography/wa_I_15_2">S.24</source>
        <item uri="faust://document/faustedition/2_I_H.34"/>
        <item uri="faust://document/faustedition/2_I_H.30"/>
        <item uri="faust://document/faustedition/2_I_H.32"/>
    </relation>
    <relation name="temp-pre">
        <source uri="faust://bibliography/wa_I_15_2">S.27</source>
        <item uri="faust://document/faustedition/2_I_H.40"/>
        <item uri="faust://document/faustedition/2_I_H.36"/>
        <item uri="faust://document/faustedition/2_I_H.35"/>
        <item uri="faust://document/faustedition/2_H"/>
    </relation>
    <relation name="temp-pre">
        <source uri="faust://bibliography/wa_I_15_2">S.27</source>
        <item uri="faust://document/faustedition/2_I_H.30"/>
        <item uri="faust://document/faustedition/2_I_H.35"/>
        <item uri="faust://document/faustedition/2_H"/>
    </relation>
    <relation name="temp-pre">
        <source uri="faust://bibliography/wa_I_15_2">S.27</source>
        <item uri="faust://document/faustedition/2_I_H.41"/>
        <item uri="faust://document/faustedition/2_I_H.35"/>
    </relation>
    <relation name="temp-pre">
        <source uri="faust://bibliography/wa_I_15_2">S.28</source>
        <comment>Zu 5842.</comment>
        <item uri="faust://document/faustedition/2_I_H.41"/>
        <item uri="faust://document/faustedition/2_H"/>
    </relation>
    <relation name="temp-pre">
        <source uri="faust://bibliography/wa_I_15_2">S.28</source>
        <comment>Zu 5866. "H.37 H.32" bei gleicher Lesart (wie auch zu 5864), vgl. aber zu 5870.</comment>
        <item uri="faust://document/faustedition/2_I_H.38"/>
        <item uri="faust://document/faustedition/2_I_H.32"/>
        <item uri="faust://document/faustedition/2_I_H.37"/>
        <item uri="faust://document/faustedition/2_H"/>
    </relation>
    <relation name="temp-pre">
        <source uri="faust://bibliography/wa_I_15_2">S.28</source>
        <comment>Zu 5869.</comment>
        <item uri="faust://document/faustedition/2_I_H.38"/>
        <item uri="faust://document/faustedition/2_I_H.32"/>
    </relation>
    <relation name="temp-pre">
        <source uri="faust://bibliography/wa_I_15_2">S.28</source>
        <comment>Zu 5870. Formal zwei unabhängige Lesarten.</comment>
        <item uri="faust://document/faustedition/2_I_H.32"/>
        <item uri="faust://document/faustedition/2_I_H.37"/>
    </relation>
    <!--<relation name="temp-pre">
        <source uri="faust://bibliography/wa_I_15_2">S.28</source>
        <comment>Zu 5871. Vgl. aber zu 5870.</comment>
        <item uri="faust://document/wa/2_I_H.37"/>
        <item uri="faust://document/wa/2_I_H.32"/>
    </relation>-->
    <relation name="temp-pre">
        <source uri="faust://bibliography/wa_I_15_2">S.28</source>
        <comment>Zu 5902.</comment>
        <item uri="faust://document/faustedition/2_I_H.36"/>
        <item uri="faust://document/faustedition/2_I_H.41a"/>
        <item uri="faust://document/faustedition/2_H"/>
    </relation>
    <relation name="temp-pre">
        <source uri="faust://bibliography/wa_I_15_2">S.29</source>
        <item uri="faust://document/faustedition/2_I_H.36"/>
        <item uri="faust://document/faustedition/2_H"/>
        <item uri="faust://document/wa/C"/>
    </relation>
    <relation name="temp-pre">
        <source uri="faust://bibliography/wa_I_15_2">S.29</source>
        <item uri="faust://document/faustedition/2_I_H.32"/>
        <item uri="faust://document/faustedition/2_I_H.41a"/>
        <item uri="faust://document/faustedition/2_H"/>
    </relation>
    <relation name="temp-pre">
        <source uri="faust://bibliography/wa_I_15_2">S.29</source>
        <comment>Zu 5931. H.α bezieht sich auf den Zettel Bl. 21 Rückseite. 
            Die für Hα angegebene Lesart „fliegt“ scheint fehler; auf dem Zettel steht "fällt".</comment>
        <item uri="faust://document/faustedition/2_I_H.36"/>
        <item uri="faust://document/faustedition/2_I_H.42"/>
        <item uri="faust://document/wa/2_I_H.alpha"/>
        <item uri="faust://document/faustedition/2_I_H.32"/>
    </relation>
    <relation name="temp-pre">
        <source uri="faust://bibliography/wa_I_15_2">S.30</source>
        <comment>Einmaliges "H.32a" ist Druckfehler für H.32alpha.</comment>
        <item uri="faust://inscription/faustedition/2_I_H.32/alpha"/>
        <item uri="faust://document/faustedition/2_I_H.32"/>
    </relation>
    <relation name="temp-pre">
        <source uri="faust://bibliography/wa_I_15_2">S.30</source>
        <item uri="faust://document/faustedition/2_I_H.38"/>
        <item uri="faust://document/faustedition/2_I_H.43"/>
    </relation>
    <relation name="temp-pre">
        <source uri="faust://bibliography/wa_I_15_2">S.30</source>
        <item uri="faust://document/faustedition/2_I_H.43a"/>
        <item uri="faust://document/faustedition/2_H"/>
        <item uri="faust://document/wa/C_41"/>
    </relation>
    <relation name="temp-pre">
        <source uri="faust://bibliography/wa_I_15_2">S.30</source>
        <item uri="faust://document/faustedition/2_I_H.43"/>
        <item uri="faust://document/faustedition/2_I_H.43a"/>
        <item uri="faust://document/faustedition/2_H"/>
        <item uri="faust://document/wa/C"/>
    </relation>
    <relation name="temp-pre">
        <source uri="faust://bibliography/wa_I_15_2">S.30</source>
        <item uri="faust://document/faustedition/2_I_H.38"/>
        <item uri="faust://document/faustedition/2_I_H.43"/>
        <item uri="faust://document/faustedition/2_I_H.43a"/>
    </relation>
    <relation name="temp-pre">
        <source uri="faust://bibliography/wa_I_15_2">S.30</source>
        <item uri="faust://document/faustedition/2_I_H.45"/>
        <item uri="faust://document/faustedition/2_I_H.44"/>
        <item uri="faust://document/faustedition/2_H"/>
        <item uri="faust://document/wa/C_41"/>
    </relation>
    <relation name="temp-pre">
        <source uri="faust://bibliography/wa_I_15_2">S.31</source>
        <item uri="faust://document/faustedition/2_I_H.45"/>
        <item uri="faust://document/wa/C_12"/>
    </relation>
    <relation name="temp-pre">
        <source uri="faust://bibliography/wa_I_15_2">S.31</source>
        <item uri="faust://document/faustedition/2_I_H.46"/>
        <item uri="faust://document/faustedition/2_H"/>
    </relation>
    <relation name="temp-pre">
        <source uri="faust://bibliography/wa_I_15_2">S.32</source>
        <item uri="faust://document/faustedition/2_I_H.48"/>
        <item uri="faust://document/faustedition/2_I_H.47"/>
    </relation>
    <relation name="temp-pre">
        <source uri="faust://bibliography/wa_I_15_2">S.32</source>
        <item uri="faust://document/faustedition/2_I_H.49"/>
        <item uri="faust://document/faustedition/2_I_H.47"/>
    </relation>
    <relation name="temp-pre">
        <source uri="faust://bibliography/wa_I_15_2">S.32</source>
        <item uri="faust://document/faustedition/2_I_H.48"/>
        <item uri="faust://document/wa/C_41"/>
    </relation>
    <relation name="temp-pre">
        <source uri="faust://bibliography/wa_I_15_2">S.32</source>
        <item uri="faust://document/faustedition/2_I_H.47"/>
        <item uri="faust://document/faustedition/2_H"/>
    </relation>
    <relation name="temp-pre">
        <source uri="faust://bibliography/wa_I_15_2">S.32</source>
        <item uri="faust://document/faustedition/2_I_H.49"/>
        <item uri="faust://document/faustedition/2_I_H.48"/>
    </relation>
    <relation name="temp-pre">
        <source uri="faust://bibliography/wa_I_15_2">S.33</source>
        <item uri="faust://document/faustedition/2_I_H.50"/>
        <item uri="faust://document/faustedition/2_I_H.49"/>
    </relation>
    <relation name="temp-pre">
        <source uri="faust://bibliography/wa_I_15_2">S.33</source>
        <item uri="faust://document/faustedition/2_I_H.50a"/>
        <item uri="faust://document/faustedition/2_I_H.47"/>
    </relation>
    <relation name="temp-pre">
        <source uri="faust://bibliography/wa_I_15_2">S.33</source>
        <item uri="faust://document/faustedition/2_I_H.51"/>
        <item uri="faust://document/faustedition/2_H"/>
    </relation>
    <relation name="temp-pre">
        <source uri="faust://bibliography/wa_I_15_2">S.33</source>
        <item uri="faust://document/faustedition/2_I_H.51"/>
        <item uri="faust://document/faustedition/2_I_H.52"/>
    </relation>
    <relation name="temp-pre">
        <source uri="faust://bibliography/wa_I_15_2">S.34</source>
        <item uri="faust://document/faustedition/2_I_H.52"/>
        <item uri="faust://document/faustedition/2_I_H.53"/>
        <item uri="faust://document/faustedition/2_H"/>
    </relation>
    <relation name="temp-pre">
        <source uri="faust://bibliography/wa_I_15_2">S.34</source>
        <item uri="faust://document/faustedition/2_I_H.54"/>
        <item uri="faust://document/faustedition/2_I_H.55"/>
        <item uri="faust://document/faustedition/2_H"/>
    </relation>
    <relation name="temp-pre">
        <source uri="faust://bibliography/wa_I_15_2">S.34</source>
        <item uri="faust://document/faustedition/2_I_H.57"/>
        <item uri="faust://document/faustedition/2_I_H.56"/>
    </relation>
    <relation name="temp-pre">
        <source uri="faust://bibliography/wa_I_15_2">S.35</source>
        <item uri="faust://document/faustedition/2_I_H.56"/>
        <item uri="faust://document/faustedition/2_H"/>
    </relation>
    <relation name="temp-pre">
        <source uri="faust://bibliography/wa_I_15_2">S.35</source>
        <item uri="faust://document/faustedition/2_I_H.58"/>
        <item uri="faust://document/wa/C_41"/>
    </relation>
    <relation name="temp-pre">
        <source uri="faust://bibliography/wa_I_15_2">S.35</source>
        <item uri="faust://document/faustedition/2_I_H.56"/>
        <item uri="faust://document/faustedition/2_I_H.58"/>
        <item uri="faust://document/faustedition/2_H"/>
    </relation>
    <relation name="temp-pre">
        <source uri="faust://bibliography/wa_I_15_2">S.35</source>
        <item uri="faust://document/faustedition/2_I_H.59"/>
        <item uri="faust://document/faustedition/2_I_H.56"/>
    </relation>
    <relation name="temp-pre">
        <source uri="faust://bibliography/wa_I_15_2">S.36</source>
        <item uri="faust://document/faustedition/2_I_H.48"/>
        <item uri="faust://document/faustedition/2_I_H.60"/>
        <item uri="faust://document/wa/C_41"/>
    </relation>
    <relation name="temp-pre">
        <source uri="faust://bibliography/wa_I_15_2">S.36</source>
        <item uri="faust://document/faustedition/2_I_H.48"/>
        <item uri="faust://document/faustedition/2_I_H.56"/>
    </relation>
</macrogenesis>