<?xml version='1.0' encoding='UTF-8'?>
<?xml-model href="../../macrogenesis.rnc" type="application/relax-ng-compact-syntax"?><macrogenesis xmlns="http://www.faustedition.net/ns" xmlns:xsi="http://www.w3.org/2001/XMLSchema-instance">
    
    <relation name="temp-pre">
        <source uri="faust://bibliography/wa_I_15_2">S.40</source>
        <item uri="faust://document/wa/2_II_H.2"/>
        <item uri="faust://document/faustedition/2_H"/>
    </relation>
    <relation name="temp-pre">
        <source uri="faust://bibliography/wa_I_15_2">S.41</source>
        <item uri="faust://document/faustedition/2_I_H.15b"/><!-- erster Akt! -->
        <item uri="faust://document/faustedition/2_H"/>
    </relation>
    <relation name="temp-pre">
        <source uri="faust://bibliography/wa_I_15_2">S.41</source>
        <item uri="faust://document/faustedition/2_II_H.3"/>
        <item uri="faust://document/faustedition/2_H"/>
    </relation>
    <relation name="temp-pre">
        <source uri="faust://bibliography/wa_I_15_2">S.41</source>
        <item uri="faust://document/wa/2_II_H.alpha"/>
        <item uri="faust://document/faustedition/2_H"/>
    </relation>
    <relation name="temp-pre">
        <source uri="faust://bibliography/wa_I_15_2">S.41</source>
        <item uri="faust://document/faustedition/2_II_H.4"/>
        <item uri="faust://document/faustedition/2_H"/>
    </relation>
    <relation name="temp-pre">
        <source uri="faust://bibliography/wa_I_15_2">S.41</source>
        <item uri="faust://document/wa/C_41"/>
        <item uri="faust://bibliography/Q"/>
    </relation>
    <relation name="temp-pre">
        <source uri="faust://bibliography/wa_I_15_2">S.43</source>
        <item uri="faust://document/faustedition/2_II_H.74"/>
        <item uri="faust://document/faustedition/2_II_H.7"/>
        <item uri="faust://document/faustedition/2_H"/>
    </relation>
    <relation name="temp-pre">
        <source uri="faust://bibliography/wa_I_15_2">S.43</source>
        <item uri="faust://document/faustedition/2_I_H.56"/><!-- erster Akt! -->
        <item uri="faust://document/faustedition/2_II_H.8_1"/>
        <item uri="faust://document/faustedition/2_II_H.74"/>
    </relation>
    <relation name="temp-pre">
        <source uri="faust://bibliography/wa_I_15_2">S.43</source>
        <item uri="faust://document/faustedition/2_II_H.9"/>
        <item uri="faust://document/faustedition/2_II_H.8_1"/>
        <item uri="faust://document/faustedition/2_II_H.74"/>
    </relation>
    <relation name="temp-pre">
        <source uri="faust://bibliography/wa_I_15_2">S.43</source>
        <item uri="faust://document/faustedition/2_II_H.9"/>
        <item uri="faust://document/faustedition/2_II_H.10"/>
    </relation>
    <relation name="temp-pre">
        <source uri="faust://bibliography/wa_I_15_2">S.43</source>
        <item uri="faust://document/faustedition/2_II_H.8_1"/>
        <item uri="faust://document/faustedition/2_II_H.9"/>
        <item uri="faust://document/faustedition/2_II_H.10"/>
        <item uri="faust://document/faustedition/2_II_H.74"/>
    </relation>
    <relation name="temp-pre">
        <source uri="faust://bibliography/wa_I_15_2">S.43</source>
        <item uri="faust://document/faustedition/2_II_H.10"/>
        <item uri="faust://document/faustedition/2_II_H.8_1"/>
        <item uri="faust://document/faustedition/2_II_H.74"/>
    </relation>
    <relation name="temp-pre">
        <source uri="faust://bibliography/wa_I_15_2">S.43f</source>
        <item uri="faust://document/faustedition/2_II_H.9"/>
        <item uri="faust://document/faustedition/2_II_H.10"/>
        <item uri="faust://document/faustedition/2_II_H.8_1"/>
    </relation>
    <relation name="temp-pre">
        <source uri="faust://bibliography/wa_I_15_2">S.44</source>
        <item uri="faust://document/faustedition/2_II_H.9"/>
        <item uri="faust://document/faustedition/2_II_H.10"/>
        <item uri="faust://document/wa/C_41"/>
    </relation>
    <relation name="temp-pre">
        <source uri="faust://bibliography/wa_I_15_2">S.44</source>
        <item uri="faust://document/faustedition/2_II_H.11"/>
        <item uri="faust://document/faustedition/2_II_H.8_1"/>
    </relation>
    <relation name="temp-pre">
        <source uri="faust://bibliography/wa_I_15_2">S.45</source>
        <item uri="faust://document/faustedition/2_II_H.10"/>
        <item uri="faust://document/faustedition/2_II_H.11"/>
    </relation>
    <relation name="temp-pre">
        <source uri="faust://bibliography/wa_I_15_2">S.45</source>
        <item uri="faust://document/faustedition/2_II_H.10"/>
        <item uri="faust://document/faustedition/2_II_H.12"/>
        <item uri="faust://document/faustedition/2_II_H.8_1"/>
    </relation>
    <relation name="temp-pre">
        <source uri="faust://bibliography/wa_I_15_2">S.45</source>
        <item uri="faust://document/faustedition/2_II_H.11"/>
        <item uri="faust://document/faustedition/2_II_H.13"/>
        <item uri="faust://document/faustedition/2_II_H.74"/>
    </relation>
    <relation name="temp-pre">
        <source uri="faust://bibliography/wa_I_15_2">S.45</source>
        <item uri="faust://document/faustedition/2_II_H.14"/>
        <item uri="faust://document/faustedition/2_II_H.8_1"/>
        <item uri="faust://document/faustedition/2_II_H.74"/>
    </relation>
    <relation name="temp-pre">
        <source uri="faust://bibliography/wa_I_15_2">S.45</source>
        <item uri="faust://document/faustedition/2_II_H.14"/>
        <item uri="faust://document/faustedition/2_II_H.8_2"/>
    </relation>
    <relation name="temp-pre">
        <source uri="faust://bibliography/wa_I_15_2">S.46</source>
        <item uri="faust://document/faustedition/2_II_H.8_2"/>
        <item uri="faust://document/faustedition/2_II_H.8_1"/>
        <item uri="faust://document/faustedition/2_II_H.74"/>
        <item uri="faust://document/faustedition/2_H"/>
    </relation>
    <relation name="temp-pre">
        <source uri="faust://bibliography/wa_I_15_2">S.46</source>
        <item uri="faust://document/faustedition/2_II_H.15"/>
        <item uri="faust://document/faustedition/2_II_H.8_1"/>
        <item uri="faust://document/faustedition/2_II_H.74"/>
        <item uri="faust://document/faustedition/2_H"/>
        <item uri="faust://document/wa/C_41"/>
    </relation>
    <relation name="temp-pre">
        <source uri="faust://bibliography/wa_I_15_2">S.46</source>
        <item uri="faust://document/faustedition/2_II_H.16"/>
        <item uri="faust://document/faustedition/2_II_H.8_1"/>
        <item uri="faust://document/faustedition/2_II_H.74"/>
        <item uri="faust://document/faustedition/2_H"/>
    </relation>
    <relation name="temp-pre">
        <source uri="faust://bibliography/wa_I_15_2">S.46</source>
        <item uri="faust://document/faustedition/2_II_H.16"/>
        <item uri="faust://document/faustedition/2_II_H.17"/>
        <item uri="faust://document/wa/C_41"/>
    </relation>
    <relation name="temp-pre">
        <source uri="faust://bibliography/wa_I_15_2">S.46</source>
        <item uri="faust://document/faustedition/2_II_H.18"/>
        <item uri="faust://document/faustedition/2_II_H.17"/>
    </relation>
    <relation name="temp-pre">
        <source uri="faust://bibliography/wa_I_15_2">S.46</source>
        <item uri="faust://document/faustedition/2_II_H.8_2"/>
        <item uri="faust://document/faustedition/2_II_H.18"/>
    </relation>
    <relation name="temp-pre">
        <source uri="faust://bibliography/wa_I_15_2">S.46</source>
        <item uri="faust://document/faustedition/2_II_H.19"/>
        <item uri="faust://document/faustedition/2_II_H.74"/>
    </relation>
    <relation name="temp-pre">
        <source uri="faust://bibliography/wa_I_15_2">S.47</source>
        <item uri="faust://document/faustedition/2_II_H.20"/>
        <item uri="faust://document/faustedition/2_II_H.74"/>
    </relation>
    <relation name="temp-pre">
        <source uri="faust://bibliography/wa_I_15_2">S.47</source>
        <item uri="faust://document/faustedition/2_II_H.18"/>
        <item uri="faust://document/faustedition/2_II_H.20"/>
        <item uri="faust://document/faustedition/2_II_H.74"/>
        <item uri="faust://document/faustedition/2_H"/>
    </relation>
    <relation name="temp-pre">
        <source uri="faust://bibliography/wa_I_15_2">S.47</source>
        <item uri="faust://document/faustedition/2_II_H.20"/>
        <item uri="faust://document/wa/C_41"/>
    </relation>
    <relation name="temp-pre">
        <source uri="faust://bibliography/wa_I_15_2">S.47</source>
        <item uri="faust://document/faustedition/2_II_H.21"/>
        <item uri="faust://document/faustedition/2_II_H.74"/>
        <item uri="faust://document/faustedition/2_H"/>
    </relation>
    <relation name="temp-pre">
        <source uri="faust://bibliography/wa_I_15_2">S.48</source>
        <item uri="faust://document/faustedition/2_II_H.23"/>
        <item uri="faust://document/faustedition/2_II_H.24"/>
    </relation>
    <relation name="temp-pre">
        <source uri="faust://bibliography/wa_I_15_2">S.48</source>
        <item uri="faust://document/faustedition/2_H"/>
        <item uri="faust://document/wa/C_41"/>
    </relation>
    <relation name="temp-pre">
        <source uri="faust://bibliography/wa_I_15_2">S.48</source>
        <item uri="faust://document/faustedition/2_II_H.17"/>
        <item uri="faust://document/faustedition/2_II_H.25"/>
        <item uri="faust://document/faustedition/2_II_H.13"/>
    </relation>
    <relation name="temp-pre">
        <source uri="faust://bibliography/wa_I_15_2">S.48</source>
        <item uri="faust://document/faustedition/2_II_H.26"/>
        <item uri="faust://document/wa/2_II_H.27"/>
        <item uri="faust://document/faustedition/2_II_H.28"/>
        <item uri="faust://document/faustedition/2_II_H.74"/>
    </relation>
    <relation name="temp-pre">
        <source uri="faust://bibliography/wa_I_15_2">S.48</source>
        <item uri="faust://document/faustedition/2_II_H.16"/>
        <item uri="faust://document/faustedition/2_II_H.20"/>
        <item uri="faust://document/wa/2_II_H.27"/>
        <item uri="faust://document/faustedition/2_II_H.28"/>
        <item uri="faust://document/faustedition/2_II_H.74"/>
    </relation>
    <relation name="temp-pre">
        <source uri="faust://bibliography/wa_I_15_2">S.49</source>
        <item uri="faust://document/wa/2_II_H.27"/>
        <item uri="faust://inscription/faustedition/2_II_H.28/alpha"/>
    </relation>
    <relation name="temp-pre">
        <source uri="faust://bibliography/wa_I_15_2">S.49</source>
        <item uri="faust://document/faustedition/2_II_H.29"/>
        <item uri="faust://document/faustedition/2_II_H.30"/>
        <item uri="faust://document/faustedition/2_II_H.31"/>
        <item uri="faust://document/faustedition/2_II_H.74"/>
        <item uri="faust://document/faustedition/2_H"/>
    </relation>
    <relation name="temp-pre">
        <source uri="faust://bibliography/wa_I_15_2">S.51</source>
        <item uri="faust://document/faustedition/2_II_H.32"/>
        <item uri="faust://document/faustedition/2_H"/>
    </relation>
    <relation name="temp-pre">
        <source uri="faust://bibliography/wa_I_15_2">S.51</source>
        <item uri="faust://document/faustedition/2_II_H.33"/>
        <item uri="faust://document/faustedition/2_II_H.34"/>
        <item uri="faust://document/faustedition/2_H"/>
    </relation>
    <relation name="temp-pre">
        <source uri="faust://bibliography/wa_I_15_2">S.51f</source>
        <item uri="faust://document/faustedition/2_II_H.35"/>
        <item uri="faust://document/faustedition/2_II_H.36"/>
        <item uri="faust://document/faustedition/2_H"/>
    </relation>
    <relation name="temp-pre">
        <source uri="faust://bibliography/wa_I_15_2">S.52</source>
        <item uri="faust://document/faustedition/2_II_H.17"/>
        <item uri="faust://document/faustedition/2_II_H.25"/>
        <item uri="faust://document/faustedition/2_II_H.74"/>
        <item uri="faust://document/faustedition/2_H"/>
    </relation>
    <relation name="temp-pre">
        <source uri="faust://bibliography/wa_I_15_2">S.52</source>
        <item uri="faust://document/faustedition/2_II_H.74"/>
        <item uri="faust://document/faustedition/2_II_H.36a"/>
    </relation>
    <relation name="temp-pre">
        <source uri="faust://bibliography/wa_I_15_2">S.52</source>
        <item uri="faust://document/faustedition/2_II_H.36a"/>
        <item uri="faust://document/wa/2_II_H.alpha"/>
    </relation>
    <relation name="temp-pre">
        <source uri="faust://bibliography/wa_I_15_2">S.52</source>
        <item uri="faust://bibliography/C.1_41"/>
        <item uri="faust://bibliography/Q"/>
        <item uri="faust://document/wa/C_41"/>
    </relation>
    <relation name="temp-pre">
        <source uri="faust://bibliography/wa_I_15_2">S.52</source>
        <item uri="faust://document/faustedition/2_II_H.18"/>
        <item uri="faust://document/faustedition/2_II_H.39"/>
    </relation>
    <relation name="temp-pre">
        <source uri="faust://bibliography/wa_I_15_2">S.53</source>
        <item uri="faust://document/faustedition/2_II_H.39"/>
        <item uri="faust://document/faustedition/2_II_H.74"/>
        <item uri="faust://document/faustedition/2_H"/>
    </relation>
    <relation name="temp-pre">
        <source uri="faust://bibliography/wa_I_15_2">S.53</source>
        <item uri="faust://document/faustedition/2_II_H.40"/>
        <item uri="faust://document/faustedition/2_II_H.23"/>
    </relation>
    <relation name="temp-pre">
        <source uri="faust://bibliography/wa_I_15_2">S.53</source>
        <item uri="faust://document/faustedition/2_II_H.40"/>
        <item uri="faust://document/faustedition/2_II_H.41"/>
        <item uri="faust://document/faustedition/2_II_H.23"/>
    </relation>
    <relation name="temp-pre">
        <source uri="faust://bibliography/wa_I_15_2">S.53</source>
        <item uri="faust://document/faustedition/2_II_H.42"/>
        <item uri="faust://document/faustedition/2_II_H.39"/>
        <item uri="faust://document/faustedition/2_II_H.74"/>
    </relation>
    <relation name="temp-pre">
        <source uri="faust://bibliography/wa_I_15_2">S.53</source>
        <item uri="faust://document/faustedition/2_II_H.43"/>
        <item uri="faust://document/faustedition/2_II_H.44"/>
        <item uri="faust://document/faustedition/2_II_H.74"/>
    </relation>
    <relation name="temp-pre">
        <source uri="faust://bibliography/wa_I_15_2">S.56</source>
        <item uri="faust://document/faustedition/2_II_H.74"/>
        <item uri="faust://document/wa/2_II_H.alpha"/>
    </relation>
    <relation name="temp-pre">
        <source uri="faust://bibliography/wa_I_15_2">S.56</source>
        <item uri="faust://document/faustedition/2_II_H.74"/>
        <item uri="faust://document/faustedition/2_II_H.47a"/>
        <item uri="faust://document/wa/2_II_H.alpha"/>
    </relation>
    <relation name="temp-pre">
        <source uri="faust://bibliography/wa_I_15_2">S.56</source>
        <item uri="faust://document/faustedition/2_II_H.24"/>
        <item uri="faust://document/faustedition/2_II_H.15"/>
    </relation>
    <relation name="temp-pre">
        <source uri="faust://bibliography/wa_I_15_2">S.56f</source>
        <item uri="faust://document/faustedition/2_II_H.15"/>
        <item uri="faust://document/faustedition/2_II_H.23"/>
        <item uri="faust://document/faustedition/2_II_H.74"/>
    </relation>
    <relation name="temp-pre">
        <source uri="faust://bibliography/wa_I_15_2">S.57</source>
        <item uri="faust://document/faustedition/2_II_H.50"/>
        <item uri="faust://document/faustedition/2_II_H.74"/>
        <item uri="faust://document/faustedition/2_H"/>
    </relation>
    <relation name="temp-pre">
        <source uri="faust://bibliography/wa_I_15_2">S.57</source>
        <item uri="faust://document/faustedition/2_II_H.49"/>
        <item uri="faust://document/faustedition/2_II_H.51"/>
    </relation>
    <relation name="temp-pre">
        <source uri="faust://bibliography/wa_I_15_2">S.57</source>
        <item uri="faust://document/faustedition/2_II_H.51"/>
        <item uri="faust://document/faustedition/2_II_H.74"/>
    </relation>
    <relation name="temp-pre">
        <source uri="faust://bibliography/wa_I_15_2">S.57</source>
        <item uri="faust://document/faustedition/2_II_H.48"/>
        <item uri="faust://document/faustedition/2_II_H.51"/>
        <item uri="faust://document/faustedition/2_II_H.74"/>
    </relation>
    <relation name="temp-pre">
        <source uri="faust://bibliography/wa_I_15_2">S.58</source>
        <item uri="faust://document/faustedition/2_II_H.52"/>
        <item uri="faust://document/faustedition/2_II_H.47"/>
        <item uri="faust://document/faustedition/2_II_H.74"/>
    </relation>
    <relation name="temp-pre">
        <source uri="faust://bibliography/wa_I_15_2">S.59</source>
        <item uri="faust://document/faustedition/2_II_H.22"/>
        <item uri="faust://document/faustedition/2_II_H.25"/>
        <item uri="faust://document/faustedition/2_II_H.54"/>
        <item uri="faust://document/faustedition/2_H"/>
    </relation>
    <relation name="temp-pre">
        <source uri="faust://bibliography/wa_I_15_2">S.59</source>
        <item uri="faust://document/faustedition/2_II_H.55"/>
        <item uri="faust://document/faustedition/2_II_H.74"/>
        <item uri="faust://document/faustedition/2_H"/>
    </relation>
    <relation name="temp-pre">
        <source uri="faust://bibliography/wa_I_15_2">S.59</source>
        <item uri="faust://document/faustedition/2_II_H.56"/>
        <item uri="faust://document/faustedition/2_II_H.57"/>
    </relation>
    <relation name="temp-pre">
        <source uri="faust://bibliography/wa_I_15_2">S.60</source>
        <item uri="faust://document/faustedition/2_II_H.19"/>
        <item uri="faust://document/faustedition/2_II_H.56"/>
        <item uri="faust://document/faustedition/2_II_H.74"/>
    </relation>
    <relation name="temp-pre">
        <source uri="faust://bibliography/wa_I_15_2">S.60</source>
        <item uri="faust://document/faustedition/2_II_H.56"/>
        <item uri="faust://document/faustedition/2_II_H.58"/>
        <item uri="faust://document/faustedition/2_II_H.74"/>
    </relation>
    <relation name="temp-pre">
        <source uri="faust://bibliography/wa_I_15_2">S.61</source>
        <item uri="faust://document/faustedition/2_II_H.59"/>
        <item uri="faust://document/faustedition/2_II_H.74"/>
    </relation>
    <relation name="temp-pre">
        <source uri="faust://bibliography/wa_I_15_2">S.61</source>
        <item uri="faust://document/faustedition/2_II_H.61"/>
        <item uri="faust://document/faustedition/2_II_H.62"/>
        <item uri="faust://document/faustedition/2_II_H.74"/>
    </relation>
    <relation name="temp-pre">
        <source uri="faust://bibliography/wa_I_15_2">S.61</source>
        <item uri="faust://document/faustedition/2_II_H.60"/>
        <item uri="faust://document/faustedition/2_II_H.74"/>
    </relation>
    <relation name="temp-pre">
        <source uri="faust://bibliography/wa_I_15_2">S.61</source>
        <item uri="faust://document/faustedition/2_II_H.63"/>
        <item uri="faust://document/faustedition/2_II_H.74"/>
    </relation>
    <relation name="temp-pre">
        <source uri="faust://bibliography/wa_I_15_2">S.61</source>
        <item uri="faust://document/faustedition/2_II_H.67"/>
        <item uri="faust://document/faustedition/2_II_H.64"/>
        <item uri="faust://document/faustedition/2_II_H.65"/>
        <item uri="faust://document/faustedition/2_II_H.66"/>
    </relation>
    <relation name="temp-pre">
        <source uri="faust://bibliography/wa_I_15_2">S.61</source>
        <item uri="faust://document/faustedition/2_II_H.64"/>
        <item uri="faust://document/faustedition/2_II_H.65"/>
        <item uri="faust://document/faustedition/2_II_H.66"/>
        <item uri="faust://document/faustedition/2_II_H.74"/>
        <item uri="faust://document/faustedition/2_H"/>
    </relation>
    <relation name="temp-pre">
        <source uri="faust://bibliography/wa_I_15_2">S.62</source>
        <item uri="faust://document/faustedition/2_II_H.67"/>
        <item uri="faust://document/faustedition/2_II_H.74"/>
        <item uri="faust://document/faustedition/2_H"/>
    </relation>
    <relation name="temp-pre">
        <source uri="faust://bibliography/wa_I_15_2">S.62</source>
        <item uri="faust://document/faustedition/2_II_H.55"/>
        <item uri="faust://document/faustedition/2_II_H.67"/>
        <item uri="faust://document/faustedition/2_II_H.74"/>
        <item uri="faust://document/faustedition/2_H"/>
    </relation>
    <relation name="temp-pre">
        <source uri="faust://bibliography/wa_I_15_2">S.62</source>
        <item uri="faust://document/faustedition/2_II_H.69"/>
        <item uri="faust://document/faustedition/2_II_H.70"/>
        <item uri="faust://document/faustedition/2_H"/>
        <item uri="faust://document/wa/C_41"/>
    </relation>
    <relation name="temp-pre">
        <source uri="faust://bibliography/wa_I_15_2">S.63</source>
        <item uri="faust://inscription/faustedition/2_II_H.71/alpha"/>
        <item uri="faust://document/faustedition/2_II_H.71"/>
    </relation>
    <relation name="temp-pre">
        <source uri="faust://bibliography/wa_I_15_2">S.63</source>
        <item uri="faust://document/faustedition/2_II_H.71"/>
        <item uri="faust://document/faustedition/2_II_H.70"/>
        <item uri="faust://document/faustedition/2_H"/>
    </relation>
    <relation name="temp-pre">
        <source uri="faust://bibliography/wa_I_15_2">S.63</source>
        <item uri="faust://document/faustedition/2_II_H.71"/>
        <item uri="faust://document/faustedition/2_II_H.74"/>
    </relation>
    <relation name="temp-pre">
        <source uri="faust://bibliography/wa_I_15_2">S.63</source>
        <item uri="faust://document/faustedition/2_II_H.71"/>
        <item uri="faust://document/faustedition/2_II_H.69"/>
        <item uri="faust://document/faustedition/2_II_H.70"/>
        <item uri="faust://document/faustedition/2_H"/>
    </relation>
    <relation name="temp-pre">
        <source uri="faust://bibliography/wa_I_15_2">S.63</source>
        <item uri="faust://document/faustedition/2_II_H.69"/>
        <item uri="faust://document/faustedition/2_II_H.72"/>
    </relation>
    <relation name="temp-pre">
        <source uri="faust://bibliography/wa_I_15_2">S.63</source>
        <item uri="faust://inscription/faustedition/2_II_H.69/alpha"/>
        <item uri="faust://document/faustedition/2_II_H.72"/>
    </relation>
    <relation name="temp-pre">
        <source uri="faust://bibliography/wa_I_15_2">S.63</source>
        <item uri="faust://document/faustedition/2_II_H.69"/>
        <item uri="faust://document/faustedition/2_II_H.70"/>
        <item uri="faust://document/faustedition/2_II_H.73"/>
    </relation>
    <relation name="temp-pre">
        <source uri="faust://bibliography/wa_I_15_2">S.64</source>
        <item uri="faust://document/faustedition/2_II_H.73"/>
        <item uri="faust://document/faustedition/2_H"/>
    </relation>
    <relation name="temp-pre">
        <source uri="faust://bibliography/wa_I_15_2">S.64</source>
        <item uri="faust://inscription/faustedition/2_II_H.69/alpha"/>
        <item uri="faust://document/faustedition/2_II_H.69"/>
        <item uri="faust://document/faustedition/2_II_H.70"/>
    </relation>
    <relation name="temp-pre">
        <source uri="faust://bibliography/wa_I_15_2">S.64</source>
        <item uri="faust://document/faustedition/2_II_H.72"/>
        <item uri="faust://inscription/faustedition/2_II_H.69/alpha"/>
    </relation>
    <relation name="temp-pre">
        <source uri="faust://bibliography/wa_I_15_2">S.64</source>
        <item uri="faust://document/faustedition/2_II_H.69"/>
        <item uri="faust://document/faustedition/2_II_H.70"/>
        <item uri="faust://document/faustedition/2_II_H.72"/>
        <item uri="faust://document/faustedition/2_II_H.73"/>
        <item uri="faust://document/faustedition/2_H"/>
    </relation>
    <relation name="temp-pre">
        <source uri="faust://bibliography/wa_I_15_2">S.64</source>
        <item uri="faust://document/faustedition/2_II_H.73"/>
        <item uri="faust://document/faustedition/2_H"/>
    </relation>
</macrogenesis>