<?xml version='1.0' encoding='UTF-8'?>
<?xml-model href="../../macrogenesis.rnc" type="application/relax-ng-compact-syntax"?><macrogenesis xmlns="http://www.faustedition.net/ns" xmlns:xsi="http://www.w3.org/2001/XMLSchema-instance">

    <relation name="temp-pre">
        <source uri="faust://bibliography/wa_I_15_2">S.82</source>
        <item uri="faust://document/faustedition/2_III_H.1"/>
        <item uri="faust://document/wa/2_III_H.2"/>
        <item uri="faust://document/faustedition/2_III_H.3"/>
        <item uri="faust://document/wa/2_III_H.III"/>
        <!-- ? -->
        <item uri="faust://document/faustedition/2_H"/>
    </relation>
    <relation name="temp-pre">
        <source uri="faust://bibliography/wa_I_15_2">S.82</source>
        <item uri="faust://document/faustedition/2_III_H.1"/>
        <item uri="faust://document/wa/2_III_H.2"/>
        <item uri="faust://document/wa/2_III_H.2alpha"/>
    </relation>
    <relation name="temp-pre">
        <source uri="faust://bibliography/wa_I_15_2">S.82</source>
        <item uri="faust://document/faustedition/2_III_H.3"/>
        <item uri="faust://document/wa/2_III_H.III"/>
        <item uri="faust://document/faustedition/2_H"/>
        <item uri="faust://document/wa/C"/>
    </relation>
    <relation name="temp-pre">
        <source uri="faust://bibliography/wa_I_15_2">S.83</source>
        <item uri="faust://document/faustedition/2_III_H.4"/>
        <item uri="faust://document/faustedition/2_III_H.3"/>
        <item uri="faust://document/wa/2_III_H.III"/>
        <item uri="faust://document/faustedition/2_H"/>
    </relation>
    <relation name="temp-pre">
        <source uri="faust://bibliography/wa_I_15_2">S.83</source>
        <item uri="faust://document/faustedition/2_III_H.5"/>
        <item uri="faust://document/faustedition/2_III_H.1"/>
        <item uri="faust://document/wa/2_III_H.2"/>
        <item uri="faust://document/faustedition/2_III_H.3"/>
    </relation>
    <relation name="temp-pre">
        <source uri="faust://bibliography/wa_I_15_2">S.84</source>
        <item uri="faust://document/wa/2_III_H.6"/>
        <item uri="faust://document/faustedition/2_III_H.1"/>
    </relation>
    <relation name="temp-pre">
        <source uri="faust://bibliography/wa_I_15_2">S.86</source>
        <item uri="faust://document/wa/2_III_H.III"/>
        <item uri="faust://document/faustedition/2_H"/>
        <item uri="faust://document/wa/C.1_4"/>
    </relation>
    <relation name="temp-pre">
        <source uri="faust://bibliography/wa_I_15_2">S.90</source>
        <item uri="faust://document/wa/2_III_H.7"/>
        <item uri="faust://document/wa/2_III_H.III"/>
        <item uri="faust://document/faustedition/2_H"/>
        <item uri="faust://document/wa/C"/>
    </relation>
    <relation name="temp-pre">
        <source uri="faust://bibliography/wa_I_15_2">S.91</source>
        <item uri="faust://document/faustedition/2_III_H.10"/>
        <item uri="faust://document/faustedition/2_III_H.1"/>
        <item uri="faust://document/faustedition/2_H"/>
    </relation>
    <relation name="temp-pre">
        <source uri="faust://bibliography/wa_I_15_2">S.91</source>
        <item uri="faust://document/faustedition/2_III_H.10"/>
        <item uri="faust://document/faustedition/2_III_H.1"/>
        <item uri="faust://document/wa/2_III_H.2"/>
        <item uri="faust://document/wa/2_III_H.III"/>
    </relation>
    <relation name="temp-pre">
        <source uri="faust://bibliography/wa_I_15_2">S.91</source>
        <item uri="faust://document/faustedition/2_III_H.11"/>
        <item uri="faust://document/faustedition/2_III_H.1"/>
        <item uri="faust://document/wa/2_III_H.2"/>
        <item uri="faust://document/wa/2_III_H.III"/>
        <item uri="faust://document/faustedition/2_H"/>
        <item uri="faust://document/wa/C"/>
    </relation>
    <relation name="temp-pre">
        <source uri="faust://bibliography/wa_I_15_2">S.92</source>
        <item uri="faust://document/faustedition/2_III_H.13"/>
        <item uri="faust://document/faustedition/2_III_H.11"/>
    </relation>
    <relation name="temp-pre">
        <source uri="faust://bibliography/wa_I_15_2">S.92</source>
        <item uri="faust://document/faustedition/2_III_H.13"/>
        <item uri="faust://document/faustedition/2_III_H.1"/>
        <item uri="faust://document/wa/2_III_H.2"/>
    </relation>
    <relation name="temp-pre">
        <source uri="faust://bibliography/wa_I_15_2">S.92</source>
        <item uri="faust://document/faustedition/2_III_H.13"/>
        <item uri="faust://document/faustedition/2_III_H.1"/>
        <item uri="faust://document/wa/2_III_H.III"/>
    </relation>
    <relation name="temp-pre">
        <source uri="faust://bibliography/wa_I_15_2">S.92</source>
        <item uri="faust://document/faustedition/2_III_H.13"/>
        <item uri="faust://document/faustedition/2_III_H.14"/>
        <item uri="faust://document/faustedition/2_III_H.15"/>
        <item uri="faust://document/wa/2_III_H.15II"/>
        <item uri="faust://document/faustedition/2_III_H.16"/>
    </relation>
    <relation name="temp-pre">
        <source uri="faust://bibliography/wa_I_15_2">S.93</source>
        <item uri="faust://document/wa/2_III_H.15II"/>
        <item uri="faust://document/faustedition/2_III_H.16"/>
        <item uri="faust://document/faustedition/2_III_H.17"/>
        <item uri="faust://document/faustedition/2_H"/>
    </relation>
    <relation name="temp-pre">
        <source uri="faust://bibliography/wa_I_15_2">S.93</source>
        <item uri="faust://document/faustedition/2_III_H.16"/>
        <item uri="faust://document/faustedition/2_III_H.17"/>
        <item uri="faust://document/faustedition/2_III_H.1"/>
    </relation>
    <relation name="temp-pre">
        <source uri="faust://bibliography/wa_I_15_2">S.93</source>
        <item uri="faust://document/faustedition/2_III_H.18"/>
        <item uri="faust://document/faustedition/2_III_H.15"/>
        <item uri="faust://document/wa/2_III_H.15II"/>
        <item uri="faust://document/faustedition/2_III_H.16"/>
        <item uri="faust://document/faustedition/2_III_H.17"/>
        <item uri="faust://document/faustedition/2_III_H.1"/>
        <item uri="faust://document/wa/2_III_H.2"/>
        <item uri="faust://document/wa/2_III_H.III"/>
        <item uri="faust://document/faustedition/2_H"/>
        <item uri="faust://document/wa/C_4"/>
        <item uri="faust://document/wa/C_41"/>
        <item uri="faust://bibliography/Q"/>
    </relation>
    <relation name="temp-pre">
        <source uri="faust://bibliography/wa_I_15_2">S.93</source>
        <item uri="faust://document/faustedition/2_III_H.18"/>
        <item uri="faust://document/wa/2_III_H.15II"/>
        <item uri="faust://document/faustedition/2_III_H.15"/>
        <item uri="faust://document/faustedition/2_III_H.16"/>
    </relation>
    <relation name="temp-pre">
        <source uri="faust://bibliography/wa_I_15_2">S.94</source>
        <item uri="faust://document/faustedition/2_III_H.18"/>
        <item uri="faust://document/faustedition/2_III_H.15"/>
        <item uri="faust://document/faustedition/2_III_H.19"/>
        <item uri="faust://document/faustedition/2_III_H.17"/>
        <item uri="faust://document/faustedition/2_III_H.1"/>
    </relation>
    <relation name="temp-pre">
        <source uri="faust://bibliography/wa_I_15_2">S.95</source>
        <item uri="faust://document/faustedition/2_III_H.18"/>
        <item uri="faust://document/wa/2_III_H.6"/>
        <item uri="faust://document/faustedition/2_III_H.19"/>
    </relation>
    <relation name="temp-pre">
        <source uri="faust://bibliography/wa_I_15_2">S.95</source>
        <item uri="faust://document/faustedition/2_III_H.19"/>
        <item uri="faust://document/faustedition/2_III_H.1"/>
    </relation>
    <relation name="temp-pre">
        <source uri="faust://bibliography/wa_I_15_2">S.95</source>
        <item uri="faust://document/wa/2_III_H.6"/>
        <item uri="faust://document/faustedition/2_III_H.20"/>
        <item uri="faust://document/faustedition/2_III_H.21"/>
        <item uri="faust://document/faustedition/2_III_H.17"/>
        <item uri="faust://document/faustedition/2_III_H.1"/>
    </relation>
    <relation name="temp-pre">
        <source uri="faust://bibliography/wa_I_15_2">S.96</source>
        <item uri="faust://document/faustedition/2_III_H.17"/>
        <item uri="faust://document/faustedition/2_III_H.1"/>
        <item uri="faust://document/wa/2_III_H.2"/>
    </relation>
    <relation name="temp-pre">
        <source uri="faust://bibliography/wa_I_15_2">S.96</source>
        <item uri="faust://document/faustedition/2_III_H.23"/>
        <item uri="faust://document/wa/2_III_H.2"/>
        <item uri="faust://document/faustedition/2_III_H.22"/>
        <item uri="faust://document/wa/2_III_H.6"/>
        <item uri="faust://document/faustedition/2_III_H.24"/>
        <item uri="faust://document/faustedition/2_III_H.17"/>
    </relation>
    <relation name="temp-pre">
        <source uri="faust://bibliography/wa_I_15_2">S.97</source>
        <item uri="faust://document/faustedition/2_III_H.24"/>
        <item uri="faust://document/faustedition/2_III_H.17"/>
        <item uri="faust://document/faustedition/2_III_H.1"/>
        <item uri="faust://document/wa/2_III_H.2"/>
    </relation>
    <relation name="temp-pre">
        <source uri="faust://bibliography/wa_I_15_2">S.97</source>
        <item uri="faust://document/faustedition/2_III_H.24"/>
        <item uri="faust://document/faustedition/2_III_H.17"/>
        <item uri="faust://inscription/faustedition/2_III_H.1/alpha"/>
    </relation>
    <relation name="temp-pre">
        <source uri="faust://bibliography/wa_I_15_2">S.98</source>
        <item uri="faust://document/faustedition/2_III_H.23"/>
        <item uri="faust://document/wa/2_III_H.6"/>
        <item uri="faust://document/faustedition/2_III_H.1"/>
    </relation>
    <relation name="temp-pre">
        <source uri="faust://bibliography/wa_I_15_2">S.98</source>
        <item uri="faust://document/faustedition/2_III_H.25"/>
        <item uri="faust://document/faustedition/2_III_H.1"/>
        <item uri="faust://document/wa/2_III_H.2"/>
    </relation>
    <relation name="temp-pre">
        <source uri="faust://bibliography/wa_I_15_2">S.98f</source>
        <item uri="faust://document/faustedition/2_III_H.15"/>
        <item uri="faust://document/wa/2_III_H.6"/>
        <item uri="faust://document/faustedition/2_III_H.20"/>
    </relation>
    <relation name="temp-pre">
        <source uri="faust://bibliography/wa_I_15_2">S.100</source>
        <item uri="faust://document/faustedition/2_III_H.30"/>
        <item uri="faust://document/faustedition/2_III_H.26"/>
        <item uri="faust://document/faustedition/2_III_H.1"/>
        <item uri="faust://document/wa/2_III_H.2"/>
    </relation>
    <relation name="temp-pre">
        <source uri="faust://bibliography/wa_I_15_2">S.99</source>
        <item uri="faust://inscription/faustedition/2_III_H.27/alpha"/>
        <item uri="faust://document/faustedition/2_III_H.27"/>
        <item uri="faust://document/faustedition/2_III_H.28"/>
    </relation>
    <relation name="temp-pre">
        <source uri="faust://bibliography/wa_I_15_2">S.99</source>
        <item uri="faust://document/faustedition/2_III_H.27"/>
        <item uri="faust://document/faustedition/2_III_H.28"/>
        <item uri="faust://document/faustedition/2_III_H.29"/>
        <item uri="faust://document/faustedition/2_III_H.1"/>
    </relation>
    <relation name="temp-pre">
        <source uri="faust://bibliography/wa_I_15_2">S.100</source>
        <item uri="faust://document/faustedition/2_III_H.29"/>
        <item uri="faust://document/faustedition/2_III_H.1"/>
        <item uri="faust://document/wa/2_III_H.III"/>
    </relation>
    <relation name="temp-pre">
        <source uri="faust://bibliography/wa_I_15_2">S.100</source>
        <item uri="faust://inscription/faustedition/2_III_H.30/alpha"/>
        <item uri="faust://document/faustedition/2_III_H.30"/>
        <item uri="faust://document/wa/2_III_H.III"/>
    </relation>
    <relation name="temp-pre">
        <source uri="faust://bibliography/wa_I_15_2">S.101</source>
        <item uri="faust://document/faustedition/2_III_H.26"/>
        <item uri="faust://document/faustedition/2_III_H.1"/>
        <item uri="faust://document/wa/2_III_H.2"/>
        <item uri="faust://document/wa/2_III_H.III"/>
        <item uri="faust://document/faustedition/2_H"/>
    </relation>
    <relation name="temp-pre">
        <source uri="faust://bibliography/wa_I_15_2">S.102</source>
        <item uri="faust://document/faustedition/2_III_H.26"/>
        <item uri="faust://document/wa/C_41"/>
    </relation>
    <relation name="temp-pre">
        <source uri="faust://bibliography/wa_I_15_2">S.102</source>
        <item uri="faust://document/faustedition/2_III_H.31"/>
        <item uri="faust://document/faustedition/2_III_H.1"/>
    </relation>
    <relation name="temp-pre">
        <source uri="faust://bibliography/wa_I_15_2">S.103</source>
        <item uri="faust://document/faustedition/2_III_H.32"/>
        <item uri="faust://document/faustedition/2_III_H.31"/>
        <item uri="faust://document/faustedition/2_III_H.1"/>
        <item uri="faust://document/wa/2_III_H.2"/>
        <item uri="faust://document/wa/2_III_H.III"/>
        <item uri="faust://document/faustedition/2_H"/>
    </relation>
    <relation name="temp-pre">
        <source uri="faust://bibliography/wa_I_15_2">S.103</source>
        <item uri="faust://document/faustedition/2_III_H.30"/>
        <item uri="faust://document/faustedition/2_III_H.32"/>
        <item uri="faust://document/faustedition/2_III_H.31"/>
    </relation>
    <relation name="temp-pre">
        <source uri="faust://bibliography/wa_I_15_2">S.103</source>
        <item uri="faust://document/faustedition/2_III_H.33"/>
        <item uri="faust://document/faustedition/2_III_H.1"/>
    </relation>
    <relation name="temp-pre">
        <source uri="faust://bibliography/wa_I_15_2">S.103</source>
        <item uri="faust://document/faustedition/2_III_H.30"/>
        <item uri="faust://document/faustedition/2_III_H.32"/>
        <item uri="faust://document/faustedition/2_III_H.1"/>
        <item uri="faust://document/wa/2_III_H.2"/>
        <item uri="faust://document/faustedition/2_H"/>
    </relation>
    <relation name="temp-pre">
        <source uri="faust://bibliography/wa_I_15_2">S.104</source>
        <item uri="faust://document/faustedition/2_III_H.1"/>
        <item uri="faust://document/wa/2_III_H.2alpha"/>
        <item uri="faust://document/wa/2_III_H.2"/>
    </relation>
    <relation name="temp-pre">
        <source uri="faust://bibliography/wa_I_15_2">S.104</source>
        <item uri="faust://document/faustedition/2_III_H.33"/>
        <item uri="faust://document/faustedition/2_III_H.1"/>
        <item uri="faust://document/wa/2_III_H.2alpha"/>
    </relation>
    <relation name="temp-pre">
        <source uri="faust://bibliography/wa_I_15_2">S.105</source>
        <item uri="faust://document/wa/2_III_H.2"/>
        <item uri="faust://document/wa/2_III_H.III"/>
        <item uri="faust://document/faustedition/2_H"/>
    </relation>
    <relation name="temp-pre">
        <source uri="faust://bibliography/wa_I_15_2">S.105</source>
        <item uri="faust://document/faustedition/2_III_H.30"/>
        <item uri="faust://document/faustedition/2_III_H.32"/>
        <item uri="faust://document/faustedition/2_III_H.33"/>
    </relation>
    <relation name="temp-pre">
        <source uri="faust://bibliography/wa_I_15_2">S.105</source>
        <item uri="faust://document/faustedition/2_III_H.34"/>
        <item uri="faust://document/faustedition/2_III_H.30"/>
        <item uri="faust://document/faustedition/2_III_H.32"/>
        <item uri="faust://document/faustedition/2_III_H.1"/>
    </relation>
    <relation name="temp-pre">
        <source uri="faust://bibliography/wa_I_15_2">S.106</source>
        <item uri="faust://document/faustedition/2_III_H.34"/>
        <item uri="faust://document/faustedition/2_III_H.1"/>
        <item uri="faust://document/wa/2_III_H.2"/>
        <item uri="faust://document/wa/2_III_H.III"/>
        <item uri="faust://document/faustedition/2_H"/>
        <item uri="faust://document/wa/C_41"/>
    </relation>
    <relation name="temp-pre">
        <source uri="faust://bibliography/wa_I_15_2">S.106</source>
        <item uri="faust://document/faustedition/2_III_H.1"/>
        <item uri="faust://document/wa/2_III_H.2"/>
        <item uri="faust://document/wa/2_III_H.IIIalpha"/>
    </relation>
    <relation name="temp-pre">
        <source uri="faust://bibliography/wa_I_15_2">S.106</source>
        <item uri="faust://document/faustedition/2_III_H.35"/>
        <item uri="faust://document/faustedition/2_III_H.36"/>
        <item uri="faust://document/faustedition/2_III_H.1"/>
        <item uri="faust://document/wa/2_III_H.2"/>
        <item uri="faust://document/wa/2_III_H.III"/>
    </relation>
    <relation name="temp-pre">
        <source uri="faust://bibliography/wa_I_15_2">S.106</source>
        <item uri="faust://document/faustedition/2_III_H.36"/>
        <item uri="faust://document/faustedition/2_III_H.35"/>
        <item uri="faust://document/faustedition/2_III_H.1"/>
        <item uri="faust://document/wa/2_III_H.2"/>
        <item uri="faust://document/wa/2_III_H.III"/>
        <item uri="faust://document/faustedition/2_H"/>
        <item uri="faust://document/wa/C"/>
    </relation>
    <relation name="temp-pre">
        <source uri="faust://bibliography/wa_I_15_2">S.107</source>
        <item uri="faust://document/faustedition/2_III_H.37"/>
        <item uri="faust://document/faustedition/2_III_H.1"/>
        <item uri="faust://document/faustedition/2_III_H.22"/>
        <item uri="faust://document/wa/2_III_H.2"/>
        <item uri="faust://document/wa/2_III_H.IIIalpha"/>
    </relation>
    <relation name="temp-pre">
        <source uri="faust://bibliography/wa_I_15_2">S.108</source>
        <item uri="faust://document/faustedition/2_III_H.22"/>
        <item uri="faust://document/wa/2_III_H.2"/>
        <item uri="faust://document/wa/2_III_H.III"/>
        <item uri="faust://document/faustedition/2_H"/>
        <item uri="faust://document/wa/C"/>
    </relation>
    <relation name="temp-pre">
        <source uri="faust://bibliography/wa_I_15_2">S.108</source>
        <item uri="faust://document/faustedition/2_III_H.38"/>
        <item uri="faust://document/faustedition/2_III_H.1"/>
        <item uri="faust://document/wa/2_III_H.2"/>
        <item uri="faust://document/wa/2_III_H.III"/>
        <item uri="faust://document/faustedition/2_H"/>
    </relation>
    <relation name="temp-pre">
        <source uri="faust://bibliography/wa_I_15_2">S.108</source>
        <item uri="faust://document/faustedition/2_III_H.39"/>
        <item uri="faust://document/faustedition/2_III_H.1"/>
        <item uri="faust://document/wa/2_III_H.2"/>
        <item uri="faust://document/wa/2_III_H.III"/>
    </relation>
    <relation name="temp-pre">
        <source uri="faust://bibliography/wa_I_15_2">S.108</source>
        <item uri="faust://document/faustedition/2_III_H.40"/>
        <item uri="faust://document/faustedition/2_III_H.1"/>
    </relation>
    <relation name="temp-pre">
        <source uri="faust://bibliography/wa_I_15_2">S.109</source>
        <item uri="faust://document/faustedition/2_III_H.41"/>
        <item uri="faust://document/faustedition/2_III_H.38"/>
        <item uri="faust://document/faustedition/2_III_H.1"/>
        <item uri="faust://document/wa/2_III_H.2"/>
        <item uri="faust://document/wa/2_III_H.III"/>
    </relation>
    <relation name="temp-pre">
        <source uri="faust://bibliography/wa_I_15_2">S.109</source>
        <item uri="faust://document/faustedition/2_III_H.42"/>
        <item uri="faust://document/faustedition/2_III_H.1"/>
    </relation>
    <relation name="temp-pre">
        <source uri="faust://bibliography/wa_I_15_2">S.110</source>
        <item uri="faust://document/faustedition/2_III_H.43"/>
        <item uri="faust://document/wa/2_III_H.2"/>
        <item uri="faust://document/faustedition/2_III_H.22"/>
    </relation>
    <relation name="temp-pre">
        <source uri="faust://bibliography/wa_I_15_2">S.110</source>
        <item uri="faust://document/faustedition/2_III_H.43"/>
        <item uri="faust://document/faustedition/2_III_H.1"/>
    </relation>
    <relation name="temp-pre">
        <source uri="faust://bibliography/wa_I_15_2">S.110</source>
        <item uri="faust://document/faustedition/2_III_H.44"/>
        <item uri="faust://document/wa/2_III_H.2"/>
        <item uri="faust://document/wa/2_III_H.III"/>
    </relation>
    <relation name="temp-pre">
        <source uri="faust://bibliography/wa_I_15_2">S.111</source>
        <item uri="faust://document/faustedition/2_III_H.45"/>
        <item uri="faust://document/wa/2_III_H.2"/>
        <item uri="faust://document/wa/2_III_H.III"/>
        <item uri="faust://document/faustedition/2_III_H.1"/>
    </relation>
    <relation name="temp-pre">
        <source uri="faust://bibliography/wa_I_15_2">S.110</source>
        <item uri="faust://document/faustedition/2_III_H.45"/>
        <item uri="faust://document/wa/2_III_H.2"/>
        <item uri="faust://document/wa/C_41"/>
    </relation>
    <relation name="temp-pre">
        <source uri="faust://bibliography/wa_I_15_2">S.111</source>
        <item uri="faust://document/faustedition/2_III_H.46b"/>
        <item uri="faust://document/faustedition/2_III_H.46"/>
        <item uri="faust://document/wa/2_III_H.2"/>
    </relation>
    <relation name="temp-pre">
        <source uri="faust://bibliography/wa_I_15_2">S.111</source>
        <item uri="faust://document/faustedition/2_III_H.46"/>
        <item uri="faust://document/faustedition/2_H"/>
        <item uri="faust://bibliography/C.1_41"/>
        <item uri="faust://document/wa/C_41"/>
    </relation>
    <relation name="temp-pre">
        <source uri="faust://bibliography/wa_I_15_2">S.112</source>
        <item uri="faust://document/faustedition/2_III_H.48"/>
        <item uri="faust://document/wa/2_III_H.2"/>
        <item uri="faust://document/wa/2_III_H.III"/>
        <item uri="faust://document/faustedition/2_H"/>
    </relation>
    <relation name="temp-pre">
        <source uri="faust://bibliography/wa_I_15_2">S.112</source>
        <item uri="faust://document/wa/2_III_H.2"/>
        <item uri="faust://document/faustedition/2_III_H.22"/>
        <item uri="faust://document/wa/2_III_H.7"/>
        <item uri="faust://document/wa/2_III_H.III"/>
    </relation>
    <relation name="temp-pre">
        <source uri="faust://bibliography/wa_I_15_2">S.112</source>
        <item uri="faust://document/wa/2_III_H.2alpha"/>
        <item uri="faust://document/faustedition/2_III_H.22"/>
        <item uri="faust://document/faustedition/2_III_H.49"/>
    </relation>
    <relation name="temp-pre">
        <source uri="faust://bibliography/wa_I_15_2">S.113</source>
        <item uri="faust://document/wa/2_III_H.2alpha"/>
        <item uri="faust://document/faustedition/2_III_H.22"/>
        <item uri="faust://document/wa/2_III_H.7"/>
    </relation>
    <relation name="temp-pre">
        <source uri="faust://bibliography/wa_I_15_2">S.113</source>
        <item uri="faust://document/faustedition/2_III_H.50a"/>
        <item uri="faust://document/wa/2_III_H.2"/>
    </relation>
    <relation name="temp-pre">
        <source uri="faust://bibliography/wa_I_15_2">S.114</source>
        <item uri="faust://document/faustedition/2_III_H.50c"/>
        <item uri="faust://document/wa/2_III_H.2"/>
        <item uri="faust://document/faustedition/2_III_H.3"/>
        <item uri="faust://document/faustedition/2_H"/>
    </relation>
    <relation name="temp-pre">
        <source uri="faust://bibliography/wa_I_15_2">S.114</source>
        <item uri="faust://document/faustedition/2_III_H.51"/>
        <item uri="faust://document/wa/2_III_H.2"/>
        <item uri="faust://document/wa/2_III_H.III"/>
        <item uri="faust://document/faustedition/2_H"/>
    </relation>
    <relation name="temp-pre">
        <source uri="faust://bibliography/wa_I_15_2">S.114</source>
        <item uri="faust://document/faustedition/2_III_H.50c"/>
        <item uri="faust://document/faustedition/2_III_H.51"/>
        <item uri="faust://document/faustedition/2_III_H.52"/>
    </relation>
    <relation name="temp-pre">
        <source uri="faust://bibliography/wa_I_15_2">S.114</source>
        <item uri="faust://document/faustedition/2_III_H.50c"/>
        <item uri="faust://document/faustedition/2_III_H.53"/>
        <item uri="faust://document/faustedition/2_III_H.52"/>
    </relation>
    <relation name="temp-pre">
        <source uri="faust://bibliography/wa_I_15_2">S.115</source>
        <item uri="faust://document/faustedition/2_III_H.56"/>
        <item uri="faust://document/wa/2_III_H.2alpha"/>
        <item uri="faust://document/faustedition/2_III_H.22"/>
    </relation>
    <relation name="temp-pre">
        <source uri="faust://bibliography/wa_I_15_2">S.117</source>
        <item uri="faust://document/faustedition/2_III_H.57a"/>
        <item uri="faust://document/faustedition/2_III_H.58"/>
        <item uri="faust://document/wa/2_III_H.III"/>
    </relation>
    <relation name="temp-pre">
        <source uri="faust://bibliography/wa_I_15_2">S.118</source>
        <item uri="faust://document/faustedition/2_III_H.59"/>
        <item uri="faust://document/faustedition/2_III_H.59a"/>
    </relation>
    <relation name="temp-pre">
        <source uri="faust://bibliography/wa_I_15_2">S.118</source>
        <item uri="faust://document/faustedition/2_III_H.59b"/>
        <item uri="faust://document/faustedition/2_III_H.59c"/>
    </relation>
    <relation name="temp-pre">
        <source uri="faust://bibliography/wa_I_15_2">S.119</source>
        <item uri="faust://document/faustedition/2_III_H.57a"/>
        <item uri="faust://document/faustedition/2_III_H.59b"/>
    </relation>
    <relation name="temp-pre">
        <source uri="faust://bibliography/wa_I_15_2">S.120</source>
        <item uri="faust://document/faustedition/2_III_H.60"/>
        <item uri="faust://document/faustedition/2_III_H.61"/>
        <item uri="faust://document/wa/2_III_H.2"/>
        <item uri="faust://document/wa/2_III_H.III"/>
    </relation>
    <relation name="temp-pre">
        <source uri="faust://bibliography/wa_I_15_2">S.120</source>
        <item uri="faust://document/faustedition/2_III_H.61"/>
        <item uri="faust://document/wa/2_III_H.2"/>
        <item uri="faust://document/wa/2_III_H.III"/>
        <item uri="faust://document/faustedition/2_H"/>
    </relation>
    <relation name="temp-pre">
        <source uri="faust://bibliography/wa_I_15_2">S.121</source>
        <item uri="faust://document/faustedition/2_III_H.63"/>
        <item uri="faust://document/wa/2_III_H.2"/>
        <item uri="faust://document/wa/2_III_H.III"/>
        <item uri="faust://document/faustedition/2_H"/>
    </relation>
    <relation name="temp-pre">
        <source uri="faust://bibliography/wa_I_15_2">S.121</source>
        <item uri="faust://document/faustedition/2_III_H.60"/>
        <item uri="faust://document/faustedition/2_III_H.64"/>
    </relation>
    <relation name="temp-pre">
        <source uri="faust://bibliography/wa_I_15_2">S.122</source>
        <item uri="faust://document/faustedition/2_III_H.64b"/>
        <item uri="faust://document/faustedition/2_III_H.22"/>
        <item uri="faust://document/wa/2_III_H.2"/>
    </relation>
    <relation name="temp-pre">
        <source uri="faust://bibliography/wa_I_15_2">S.121</source>
        <item uri="faust://document/faustedition/2_III_H.22"/>
        <item uri="faust://document/faustedition/2_III_H.49"/>
        <item uri="faust://document/faustedition/2_III_H.64b"/>
        <item uri="faust://document/faustedition/2_III_H.27"/>
    </relation>
    <relation name="temp-pre">
        <source uri="faust://bibliography/wa_I_15_2">S.123</source>
        <item uri="faust://document/wa/2_III_H.2"/>
        <item uri="faust://document/faustedition/2_III_H.22"/>
    </relation>
    <relation name="temp-pre">
        <source uri="faust://bibliography/wa_I_15_2">S.124</source>
        <item uri="faust://document/faustedition/2_III_H.66"/>
        <item uri="faust://document/wa/2_III_H.2"/>
    </relation>
    <relation name="temp-pre">
        <source uri="faust://bibliography/wa_I_15_2">S.124</source>
        <item uri="faust://document/faustedition/2_III_H.67"/>
        <item uri="faust://document/wa/2_III_H.III"/>
    </relation>
    <relation name="temp-pre">
        <source uri="faust://bibliography/wa_I_15_2">S.125</source>
        <item uri="faust://document/faustedition/2_III_H.68"/>
        <item uri="faust://document/faustedition/2_III_H.69"/>
    </relation>
    <relation name="temp-pre">
        <source uri="faust://bibliography/wa_I_15_2">S.125</source>
        <item uri="faust://document/faustedition/2_III_H.68"/>
        <item uri="faust://document/wa/2_III_H.2"/>
    </relation>
    <relation name="temp-pre">
        <source uri="faust://bibliography/wa_I_15_2">S.125</source>
        <item uri="faust://document/wa/2_III_H.2"/>
        <item uri="faust://document/faustedition/2_H"/>
        <item uri="faust://document/wa/C.1_4"/>
        <item uri="faust://document/wa/C_41"/>
    </relation>
    <relation name="temp-pre">
        <source uri="faust://bibliography/wa_I_15_2">S.125</source>
        <item uri="faust://document/faustedition/2_III_H.70"/>
        <item uri="faust://document/wa/C_41"/>
    </relation>
    <relation name="temp-pre">
        <source uri="faust://bibliography/wa_I_15_2">S.126</source>
        <item uri="faust://inscription/faustedition/2_III_H.71/alpha"/>
        <item uri="faust://document/faustedition/2_III_H.71"/>
    </relation>
    <relation name="temp-pre">
        <source uri="faust://bibliography/wa_I_15_2">S.126</source>
        <item uri="faust://document/faustedition/2_III_H.72"/>
        <item uri="faust://document/wa/2_III_H.2"/>
    </relation>
    <relation name="temp-pre">
        <source uri="faust://bibliography/wa_I_15_2">S.127</source>
        <item uri="faust://document/faustedition/2_III_H.70"/>
        <item uri="faust://document/wa/2_III_H.2"/>
    </relation>
    <relation name="temp-pre">
        <source uri="faust://bibliography/wa_I_15_2">S.127</source>
        <item uri="faust://inscription/faustedition/2_III_H.70/alpha"/>
        <item uri="faust://document/faustedition/2_III_H.70"/>
    </relation>
    <relation name="temp-pre">
        <source uri="faust://bibliography/wa_I_15_2">S.127</source>
        <item uri="faust://document/faustedition/2_III_H.73"/>
        <item uri="faust://document/wa/2_III_H.2"/>
    </relation>
    <relation name="temp-pre">
        <source uri="faust://bibliography/wa_I_15_2">S.127</source>
        <item uri="faust://document/faustedition/2_III_H.73"/>
        <item uri="faust://document/wa/2_III_H.III"/>
    </relation>
    <relation name="temp-pre">
        <source uri="faust://bibliography/wa_I_15_2">S.127</source>
        <item uri="faust://document/faustedition/2_III_H.74"/>
        <item uri="faust://document/faustedition/2_III_H.75"/>
    </relation>
    <relation name="temp-pre">
        <source uri="faust://bibliography/wa_I_15_2">S.128</source>
        <item uri="faust://document/faustedition/2_III_H.76"/>
        <item uri="faust://document/wa/2_III_H.2"/>
        <item uri="faust://document/wa/2_III_H.III"/>
        <item uri="faust://document/faustedition/2_H"/>
    </relation>
    <relation name="temp-pre">
        <source uri="faust://bibliography/wa_I_15_2">S.128</source>
        <item uri="faust://document/faustedition/2_III_H.77"/>
        <item uri="faust://document/wa/2_III_H.2"/>
        <item uri="faust://document/wa/2_III_H.III"/>
        <item uri="faust://document/faustedition/2_H"/>
    </relation>
    <relation name="temp-pre">
        <source uri="faust://bibliography/wa_I_15_2">S.128</source>
        <item uri="faust://document/faustedition/2_III_H.76"/>
        <item uri="faust://document/faustedition/2_III_H.80"/>
    </relation>
    <relation name="temp-pre">
        <source uri="faust://bibliography/wa_I_15_2">S.129</source>
        <item uri="faust://document/faustedition/2_III_H.57"/>
        <item uri="faust://document/faustedition/2_III_H.81"/>
        <item uri="faust://document/wa/2_III_H.2"/>
    </relation>
    <relation name="temp-pre">
        <source uri="faust://bibliography/wa_I_15_2">S.130</source>
        <item uri="faust://document/faustedition/2_III_H.81"/>
        <item uri="faust://document/wa/C"/>
    </relation>
    <relation name="temp-pre">
        <source uri="faust://bibliography/wa_I_15_2">S.130</source>
        <item uri="faust://document/faustedition/2_III_H.81"/>
        <item uri="faust://document/wa/C_41"/>
    </relation>
    <relation name="temp-pre">
        <source uri="faust://bibliography/wa_I_15_2">S.130</source>
        <item uri="faust://document/faustedition/2_III_H.81"/>
        <item uri="faust://document/faustedition/2_III_H.80"/>
        <item uri="faust://document/wa/2_III_H.2"/>
        <item uri="faust://document/wa/2_III_H.III"/>
    </relation>
</macrogenesis>