<?xml version='1.0' encoding='UTF-8'?>
<?xml-model href="../../macrogenesis.rnc" type="application/relax-ng-compact-syntax"?><macrogenesis xmlns="http://www.faustedition.net/ns" xmlns:xsi="http://www.w3.org/2001/XMLSchema-instance">
    <relation name="temp-pre">
        <source uri="faust://bibliography/wa_I_15_2">S.150</source>
        <item uri="faust://document/faustedition/2_H"/>
        <item uri="faust://bibliography/C.1_41"/>
        <item uri="faust://bibliography/Q"/>
    </relation>
    <relation name="temp-pre">
        <source uri="faust://bibliography/wa_I_15_2">S.150</source>
        <item uri="faust://document/faustedition/2_V_H.1"/>
        <item uri="faust://document/faustedition/2_H"/>
    </relation>
    <relation name="temp-pre">
        <source uri="faust://bibliography/wa_I_15_2">S.150</source>
        <item uri="faust://document/faustedition/2_V_H.1"/>
        <item uri="faust://document/faustedition/2_H"/>
        <item uri="faust://document/wa/C_41"/>
    </relation>
    <relation name="temp-pre">
        <source uri="faust://bibliography/wa_I_15_2">S.150</source>
        <item uri="faust://document/faustedition/2_V_H.1"/>
        <item uri="faust://document/wa/2_V_H.alpha"/>
        <item uri="faust://document/faustedition/2_H"/>
    </relation>
    <relation name="temp-pre">
        <source uri="faust://bibliography/wa_I_15_2">S.152</source>
        <item uri="faust://document/faustedition/2_V_H.1a"/>
        <item uri="faust://document/faustedition/2_V_H.1"/>
        <item uri="faust://document/faustedition/2_H"/>
    </relation>
    <relation name="temp-pre">
        <source uri="faust://bibliography/wa_I_15_2">S.154</source>
        <item uri="faust://inscription/faustedition/2_V_H.3/alpha"/>
        <item uri="faust://document/faustedition/2_V_H.4"/>
        <item uri="faust://document/faustedition/2_V_H.3"/>
    </relation>
    <relation name="temp-pre">
        <source uri="faust://bibliography/wa_I_15_2">S.154</source>
        <item uri="faust://document/faustedition/2_V_H.5"/>
        <item uri="faust://document/faustedition/2_V_H.6"/>
        <item uri="faust://document/faustedition/2_V_H.7"/>
    </relation>
    <relation name="temp-pre">
        <source uri="faust://bibliography/wa_I_15_2">S.155</source>
        <item uri="faust://document/faustedition/2_V_H.8"/>
        <item uri="faust://document/faustedition/2_V_H.7"/>
        <item uri="faust://document/faustedition/2_V_H.2"/>
        <item uri="faust://document/faustedition/2_H"/>
    </relation>
    <relation name="temp-pre">
        <source uri="faust://bibliography/wa_I_15_2">S.155</source>
        <item uri="faust://inscription/faustedition/2_V_H.2/alpha"/>
        <item uri="faust://document/faustedition/2_V_H.2"/>
    </relation>
    <relation name="temp-pre">
        <source uri="faust://bibliography/wa_I_15_2">S.155</source>
        <item uri="faust://document/faustedition/2_V_H.4"/>
        <item uri="faust://document/faustedition/2_V_H.2"/>
    </relation>
    <relation name="temp-pre">
        <source uri="faust://bibliography/wa_I_15_2">S.155</source>
        <item uri="faust://document/faustedition/2_V_H.10"/>
        <item uri="faust://document/faustedition/2_V_H.2"/>
    </relation>
    <relation name="temp-pre">
        <source uri="faust://bibliography/wa_I_15_2">S.155</source>
        <item uri="faust://document/faustedition/2_V_H.10"/>
        <item uri="faust://document/wa/C_41"/>
    </relation>
    <relation name="temp-pre">
        <source uri="faust://bibliography/wa_I_15_2">S.156</source>
        <item uri="faust://document/wa/2_V_H.12"/>
        <item uri="faust://document/faustedition/2_V_H.2"/>
    </relation>
    <relation name="temp-pre">
        <source uri="faust://bibliography/wa_I_15_2">S.156</source>
        <item uri="faust://document/wa/2_V_H.12"/>
        <item uri="faust://document/faustedition/2_V_H.13"/>
    </relation>
    <relation name="temp-pre">
        <source uri="faust://bibliography/wa_I_15_2">S.156</source>
        <item uri="faust://document/faustedition/2_V_H.14"/>
        <item uri="faust://document/faustedition/2_V_H.2"/>
        <item uri="faust://document/faustedition/2_H"/>
    </relation>
    <relation name="temp-pre">
        <source uri="faust://bibliography/wa_I_15_2">S.156</source>
        <item uri="faust://document/faustedition/2_V_H.13"/>
        <item uri="faust://document/faustedition/2_V_H.14"/>
        <item uri="faust://document/faustedition/2_V_H.2"/>
        <item uri="faust://document/faustedition/2_H"/>
    </relation>
    <relation name="temp-pre">
        <source uri="faust://bibliography/wa_I_15_2">S.156</source>
        <item uri="faust://document/faustedition/2_V_H.15"/>
        <item uri="faust://document/faustedition/2_V_H.13"/>
    </relation>
    <relation name="temp-pre">
        <source uri="faust://bibliography/wa_I_15_2">S.157</source>
        <item uri="faust://document/faustedition/2_V_H.17"/>
        <item uri="faust://document/faustedition/2_V_H.2"/>
        <item uri="faust://document/faustedition/2_H"/>
    </relation>
    <relation name="temp-pre">
        <source uri="faust://bibliography/wa_I_15_2">S.157</source>
        <item uri="faust://document/faustedition/2_V_H.18"/>
        <item uri="faust://document/faustedition/2_V_H.17"/>
    </relation>
    <relation name="temp-pre">
        <source uri="faust://bibliography/wa_I_15_2">S.157</source>
        <item uri="faust://document/faustedition/2_V_H.18"/>
        <item uri="faust://document/faustedition/2_V_H.2"/>
        <item uri="faust://document/faustedition/2_H"/>
        <item uri="faust://document/wa/C_41"/>
    </relation>
    <relation name="temp-pre">
        <source uri="faust://bibliography/wa_I_15_2">S.158</source>
        <item uri="faust://document/faustedition/2_V_H.20"/>
        <item uri="faust://document/faustedition/2_V_H.19"/>
    </relation>
    <relation name="temp-pre">
        <source uri="faust://bibliography/wa_I_15_2">S.158</source>
        <item uri="faust://document/faustedition/2_V_H.19"/>
        <item uri="faust://document/faustedition/2_V_H.2"/>
        <item uri="faust://document/faustedition/2_H"/>
    </relation>
    <relation name="temp-pre">
        <source uri="faust://bibliography/wa_I_15_2">S.159</source>
        <item uri="faust://document/faustedition/2_V_H.22"/>
        <item uri="faust://document/faustedition/2_V_H.23"/>
        <item uri="faust://document/faustedition/2_V_H.21"/>
        <item uri="faust://document/faustedition/2_H"/>
        <item uri="faust://document/wa/C_41"/>
    </relation>
    <relation name="temp-pre">
        <source uri="faust://bibliography/wa_I_15_2">S.159</source>
        <item uri="faust://document/faustedition/2_V_H.20"/>
        <item uri="faust://document/faustedition/2_V_H.21"/>
        <item uri="faust://document/faustedition/2_V_H.2"/>
        <item uri="faust://document/faustedition/2_H"/>
    </relation>
    <relation name="temp-pre">
        <source uri="faust://bibliography/wa_I_15_2">S.159</source>
        <item uri="faust://inscription/faustedition/2_V_H.2/alpha"/>
        <item uri="faust://document/faustedition/2_H"/>
    </relation>
    <relation name="temp-pre">
        <source uri="faust://bibliography/wa_I_15_2">S.160</source>
        <item uri="faust://document/faustedition/2_V_H.25"/>
        <item uri="faust://inscription/faustedition/2_V_H.2/alpha"/>
    </relation>
    <relation name="temp-pre">
        <source uri="faust://bibliography/wa_I_15_2">S.160</source>
        <item uri="faust://inscription/faustedition/2_V_H.2/alpha"/>
        <item uri="faust://document/faustedition/2_V_H.2"/>
    </relation>
    <relation name="temp-pre">
        <source uri="faust://bibliography/wa_I_15_2">S.160</source>
        <item uri="faust://document/faustedition/2_V_H.22"/>
        <item uri="faust://document/faustedition/2_V_H.21"/>
        <item uri="faust://document/faustedition/2_V_H.2"/>
    </relation>
    <relation name="temp-pre">
        <source uri="faust://bibliography/wa_I_15_2">S.160</source>
        <item uri="faust://document/faustedition/2_V_H.26a"/>
        <item uri="faust://document/faustedition/2_V_H.26"/>
        <item uri="faust://document/faustedition/2_V_H.2"/>
    </relation>
    <relation name="temp-pre">
        <source uri="faust://bibliography/wa_I_15_2">S.161</source>
        <item uri="faust://document/faustedition/2_V_H.26a"/>
        <item uri="faust://document/faustedition/2_V_H.2"/>
        <item uri="faust://document/faustedition/2_H"/>
    </relation>
    <relation name="temp-pre">
        <source uri="faust://bibliography/wa_I_15_2">S.161</source>
        <item uri="faust://document/faustedition/2_V_H.27"/>
        <item uri="faust://inscription/faustedition/2_V_H.28/alpha"/>
        <item uri="faust://document/faustedition/2_V_H.25"/>
    </relation>
    <relation name="temp-pre">
        <source uri="faust://bibliography/wa_I_15_2">S.161</source>
        <item uri="faust://document/faustedition/2_V_H.28"/>
        <item uri="faust://document/faustedition/2_V_H.29"/>
    </relation>
    <relation name="temp-pre">
        <source uri="faust://bibliography/wa_I_15_2">S.161</source>
        <item uri="faust://document/faustedition/2_V_H.25"/>
        <item uri="faust://document/faustedition/2_V_H.29"/>
    </relation>
    <relation name="temp-pre">
        <source uri="faust://bibliography/wa_I_15_2">S.162</source>
        <item uri="faust://document/faustedition/2_V_H.29"/>
        <item uri="faust://document/faustedition/2_V_H.2"/>
    </relation>
    <relation name="temp-pre">
        <source uri="faust://bibliography/wa_I_15_2">S.162</source>
        <item uri="faust://document/faustedition/2_V_H.30"/>
        <item uri="faust://document/faustedition/2_V_H.31"/>
    </relation>
    <relation name="temp-pre">
        <source uri="faust://bibliography/wa_I_15_2">S.162</source>
        <item uri="faust://document/faustedition/2_V_H.23"/>
        <item uri="faust://document/faustedition/2_V_H.26"/>
        <item uri="faust://document/faustedition/2_V_H.2"/>
        <item uri="faust://document/faustedition/2_H"/>
    </relation>
    <relation name="temp-pre">
        <source uri="faust://bibliography/wa_I_15_2">S.162</source>
        <item uri="faust://document/faustedition/2_V_H.30"/>
        <item uri="faust://inscription/faustedition/2_V_H.2/alpha"/>
    </relation>
    <relation name="temp-pre">
        <source uri="faust://bibliography/wa_I_15_2">S.162</source>
        <item uri="faust://document/faustedition/2_V_H.24"/>
        <item uri="faust://document/faustedition/2_V_H.32"/>
    </relation>
    <relation name="temp-pre">
        <source uri="faust://bibliography/wa_I_15_2">S.163</source>
        <item uri="faust://document/faustedition/2_V_H.32"/>
        <item uri="faust://document/faustedition/2_V_H.2"/>
        <item uri="faust://document/faustedition/2_H"/>
        <item uri="faust://document/wa/C_41"/>
    </relation>
    <relation name="temp-pre">
        <source uri="faust://bibliography/wa_I_15_2">S.163</source>
        <item uri="faust://document/faustedition/2_V_H.32"/>
        <item uri="faust://document/faustedition/2_V_H.30"/>
    </relation>
    <relation name="temp-pre">
        <source uri="faust://bibliography/wa_I_15_2">S.163</source>
        <item uri="faust://document/faustedition/2_V_H.32"/>
        <item uri="faust://document/faustedition/2_V_H.31"/>
        <item uri="faust://document/faustedition/2_V_H.2"/>
        <item uri="faust://document/faustedition/2_H"/>
    </relation>
    <relation name="temp-pre">
        <source uri="faust://bibliography/wa_I_15_2">S.164</source>
        <item uri="faust://document/faustedition/2_V_H.32a"/>
        <item uri="faust://document/faustedition/2_H"/>
    </relation>
    <relation name="temp-pre">
        <source uri="faust://bibliography/wa_I_15_2">S.164</source>
        <item uri="faust://document/faustedition/2_V_H.33"/>
        <item uri="faust://document/faustedition/2_H"/>
    </relation>
    <relation name="temp-pre">
        <source uri="faust://bibliography/wa_I_15_2">S.164</source>
        <item uri="faust://document/faustedition/2_V_H.35"/>
        <item uri="faust://document/faustedition/2_V_H.33"/>
    </relation>
    <relation name="temp-pre">
        <source uri="faust://bibliography/wa_I_15_2">S.164</source>
        <item uri="faust://document/faustedition/2_V_H.36"/>
        <item uri="faust://document/faustedition/2_V_H.33"/>
        <item uri="faust://document/faustedition/2_H"/>
    </relation>
    <relation name="temp-pre">
        <source uri="faust://bibliography/wa_I_15_2">S.165</source>
        <item uri="faust://document/faustedition/2_V_H.32a"/>
        <item uri="faust://document/faustedition/2_V_H.33"/>
        <item uri="faust://document/faustedition/2_H"/>
        <item uri="faust://document/wa/C_41"/>
    </relation>
    <relation name="temp-pre">
        <source uri="faust://bibliography/wa_I_15_2">S.165</source>
        <item uri="faust://document/faustedition/2_V_H.32a"/>
        <item uri="faust://inscription/faustedition/2_V_H.32a/alpha"/>
        <item uri="faust://document/faustedition/2_V_H.33"/>
    </relation>
    <relation name="temp-pre">
        <source uri="faust://bibliography/wa_I_15_2">S.165</source>
        <item uri="faust://document/faustedition/2_V_H.37a"/>
        <item uri="faust://document/faustedition/2_V_H.32a"/>
        <item uri="faust://document/faustedition/2_V_H.33"/>
    </relation>
    <relation name="temp-pre">
        <source uri="faust://bibliography/wa_I_15_2">S.166</source>
        <item uri="faust://document/faustedition/2_V_H.37a"/>
        <item uri="faust://document/faustedition/2_V_H.37b"/>
    </relation>
    <relation name="temp-pre">
        <source uri="faust://bibliography/wa_I_15_2">S.166</source>
        <item uri="faust://document/faustedition/2_V_H.35"/>
        <item uri="faust://document/faustedition/2_V_H.37c"/>
        <item uri="faust://document/faustedition/2_H"/>
    </relation>
    <relation name="temp-pre">
        <source uri="faust://bibliography/wa_I_15_2">S.166</source>
        <item uri="faust://document/wa/2_V_H.g"/>
        <item uri="faust://document/faustedition/2_V_H.37g"/>
    </relation>
    <relation name="temp-pre">
        <source uri="faust://bibliography/wa_I_15_2">S.167</source>
        <item uri="faust://document/faustedition/2_V_H.38"/>
        <item uri="faust://document/faustedition/2_H"/>
    </relation>
    <relation name="temp-pre">
        <source uri="faust://bibliography/wa_I_15_2">S.167</source>
        <item uri="faust://document/wa/2_V_H.g"/>
        <item uri="faust://document/faustedition/2_V_H.37g"/>
        <item uri="faust://document/faustedition/2_H"/>
    </relation>
    <relation name="temp-pre">
        <source uri="faust://bibliography/wa_I_15_2">S.168</source>
        <item uri="faust://document/faustedition/2_V_H.35"/>
        <item uri="faust://document/faustedition/2_H"/>
    </relation>
    <relation name="temp-pre">
        <source uri="faust://bibliography/wa_I_15_2">S.168</source>
        <item uri="faust://document/wa/2_V_H.g"/>
        <item uri="faust://document/faustedition/2_H"/>
        <item uri="faust://document/wa/C_41"/>
    </relation>
</macrogenesis>