<?xml version='1.0' encoding='UTF-8'?>
<?xml-model href="../macrogenesis.rnc" type="application/relax-ng-compact-syntax"?><macrogenesis xmlns="http://www.faustedition.net/ns" xmlns:xsi="http://www.w3.org/2001/XMLSchema-instance">


    <relation name="temp-pre">
        <source uri="faust://bibliography/fischer-lamberg1955">S. 153</source>
        <item uri="faust://document/faustedition/2_II_H.1"/>
        <item uri="faust://document/faustedition/2_H"/>

    </relation>

    <relation name="temp-pre">
        <source uri="faust://bibliography/fischer-lamberg1955">S. 153</source>
        <!-- fixme relative Chronologie innerhalb einer Handschrift im Versintervall 6578-6579 -->
        <!-- <item uri="faust://document/wa/2_II_H"/> -->
        <item uri="faust://document/fischer_lamberg/2_II_H.2_b"/>
        <item uri="faust://document/faustedition/2_H"/>
    </relation>


    <relation name="temp-pre">
        <source uri="faust://bibliography/fischer-lamberg1955">S. 153</source>
        <item uri="faust://document/faustedition/2_I_H.13"/>
        <item uri="faust://document/faustedition/2_H"/>
    </relation>

    <relation name="temp-pre">
        <source uri="faust://bibliography/fischer-lamberg1955">S. 153</source>
        <item uri="faust://document/faustedition/2_I_H.15b"/>
        <item uri="faust://document/faustedition/2_H"/>
    </relation>

    <relation name="temp-pre">
        <source uri="faust://bibliography/fischer-lamberg1955">S. 153</source>
        <item uri="faust://document/faustedition/2_II_H.3"/>
        <item uri="faust://document/faustedition/2_H"/>
    </relation>

    <relation name="temp-pre">
        <source uri="faust://bibliography/fischer-lamberg1955">S. 153</source>
        <item uri="faust://document/faustedition/2_II_H.4"/>
        <item uri="faust://document/faustedition/2_H"/>
    </relation>

    <relation name="temp-pre">
        <source uri="faust://bibliography/fischer-lamberg1955">S. 153</source>
        <item uri="faust://document/fischer_lamberg/2_II_H.4_a"/>
        <item uri="faust://document/faustedition/2_H"/>
    </relation>

    <relation name="temp-pre">
        <source uri="faust://bibliography/fischer-lamberg1955">S. 153</source>
        <item uri="faust://document/faustedition/2_II_H.5"/>
        <item uri="faust://document/faustedition/2_H"/>
    </relation>

    <relation name="temp-pre">
        <source uri="faust://bibliography/fischer-lamberg1955">S. 153</source>
        <item uri="faust://document/fischer_lamberg/2_II_H.a"/>
        <item uri="faust://document/faustedition/2_H"/>
    </relation>

    <relation name="temp-pre">
        <source uri="faust://bibliography/fischer-lamberg1955">S. 153</source>
        <item uri="faust://document/faustedition/2_II_H.6"/>
        <item uri="faust://document/faustedition/2_H"/>
    </relation>

    <relation name="temp-pre">
        <source uri="faust://bibliography/fischer-lamberg1955">S. 154</source>
        <item uri="faust://document/faustedition/2_II_H.74"/>
        <item uri="faust://document/faustedition/2_H"/>
    </relation>

    <relation name="temp-pre">
        <source uri="faust://bibliography/fischer-lamberg1955">S. 154</source>
        <item uri="faust://document/faustedition/2_II_H.74"/>
        <item uri="faust://document/faustedition/2_II_H.7"/>
        <item uri="faust://document/faustedition/2_H"/>
    </relation>

    <relation name="temp-pre">
        <source uri="faust://bibliography/fischer-lamberg1955">S. 154</source>
        <item uri="faust://document/faustedition/2_I_H.56"/>
        <item uri="faust://document/fischer_lamberg/2_II_H.8_a"/>
        <item uri="faust://document/faustedition/2_II_H.74"/>
    </relation>

    <relation name="temp-pre">
        <source uri="faust://bibliography/fischer-lamberg1955">S. 154</source>
        <item uri="faust://document/faustedition/2_II_H.9"/>
        <item uri="faust://document/faustedition/2_II_H.10"/>
        <item uri="faust://document/fischer_lamberg/2_II_H.8_a"/>
        <item uri="faust://document/faustedition/2_II_H.74"/>
    </relation>


    <relation name="temp-pre">
        <source uri="faust://bibliography/fischer-lamberg1955">S. 154</source>
        <item uri="faust://document/faustedition/2_II_H.26"/>
        <item uri="faust://document/faustedition/2_II_H.11"/>
        <item uri="faust://document/fischer_lamberg/2_II_H.8_a"/>
        <item uri="faust://document/faustedition/2_II_H.74"/>
    </relation>


    <relation name="temp-pre">
        <source uri="faust://bibliography/fischer-lamberg1955">S. 154</source>
        <item uri="faust://document/faustedition/2_II_H.10"/>
        <item uri="faust://document/faustedition/2_II_H.11"/>
        <item uri="faust://document/fischer_lamberg/2_II_H.8_a"/>
        <item uri="faust://document/faustedition/2_II_H.74"/>
        <item uri="faust://document/faustedition/2_H"/>
    </relation>


    <relation name="temp-pre">
        <source uri="faust://bibliography/fischer-lamberg1955">S. 154</source>
        <item uri="faust://document/faustedition/2_II_H.10"/>
        <item uri="faust://document/faustedition/2_II_H.11"/>
        <item uri="faust://document/faustedition/2_I_H.56"/>
        <item uri="faust://document/fischer_lamberg/2_II_H.8_a"/>
    </relation>


    <relation name="temp-pre">
        <source uri="faust://bibliography/fischer-lamberg1955">S. 154</source>
        <item uri="faust://document/faustedition/2_II_H.10"/>
        <item uri="faust://document/faustedition/2_II_H.11"/>
        <item uri="faust://document/faustedition/2_II_H.12"/>
        <item uri="faust://document/fischer_lamberg/2_II_H.8_a"/>
    </relation>


    <relation name="temp-pre">
        <source uri="faust://bibliography/fischer-lamberg1955">S. 154</source>
        <item uri="faust://document/faustedition/2_II_H.10"/>
        <item uri="faust://document/faustedition/2_II_H.11"/>
        <item uri="faust://document/faustedition/2_I_H.56"/>
        <item uri="faust://document/faustedition/2_II_H.12"/>
        <item uri="faust://document/fischer_lamberg/2_II_H.8_a"/>
        <item uri="faust://document/faustedition/2_II_H.13"/>
        <item uri="faust://document/faustedition/2_II_H.74"/>
    </relation>


    <relation name="temp-pre">
        <source uri="faust://bibliography/fischer-lamberg1955">S. 154</source>
        <item uri="faust://document/faustedition/2_II_H.11"/>
        <item uri="faust://document/faustedition/2_II_H.13"/>
        <item uri="faust://document/faustedition/2_II_H.74"/>
    </relation>


    <relation name="temp-pre">
        <source uri="faust://bibliography/fischer-lamberg1955">S. 154</source>
        <item uri="faust://document/faustedition/2_I_H.56"/>
        <item uri="faust://document/fischer_lamberg/2_II_H.8_a"/>
        <item uri="faust://document/faustedition/2_II_H.11"/>
        <item uri="faust://document/faustedition/2_II_H.13"/>
    </relation>
    <relation name="temp-pre">
        <source uri="faust://bibliography/fischer-lamberg1955">S. 154</source>
        <item uri="faust://document/faustedition/2_II_H.14"/>
        <item uri="faust://document/faustedition/2_II_H.8_1"/>
        <item uri="faust://document/fischer_lamberg/2_II_H.8_a"/>
        <item uri="faust://document/faustedition/2_II_H.74"/>
    </relation>

    <relation name="temp-pre">
        <source uri="faust://bibliography/fischer-lamberg1955">S. 154</source>
        <!-- fixme relative Chronologie innerhalb einer Handschrift im Versintervall 7152-7155 -->
        <!-- <item uri="faust://document/fischer-lamberg/2_II_H.8_a"/> -->
        <item uri="faust://document/faustedition/2_II_H.15"/>
        <item uri="faust://document/fischer_lamberg/2_II_H.8_a"/>
        <item uri="faust://document/faustedition/2_II_H.74"/>
    </relation>

    <relation name="temp-pre">
        <source uri="faust://bibliography/fischer-lamberg1955">S. 154</source>
        <item uri="faust://document/faustedition/2_II_H.16"/>
        <item uri="faust://document/fischer_lamberg/2_II_H.8_a"/>
        <item uri="faust://document/faustedition/2_II_H.74"/>
    </relation>

    <relation name="temp-pre">
        <source uri="faust://bibliography/fischer-lamberg1955">S. 154</source>
        <item uri="faust://document/fischer_lamberg/2_II_H.9_a"/>
        <item uri="faust://document/faustedition/2_II_H.17"/>
        <item uri="faust://document/faustedition/2_II_H.74"/>
    </relation>

    <relation name="temp-pre">
        <source uri="faust://bibliography/fischer-lamberg1955">S. 154</source>
        <item uri="faust://document/faustedition/2_II_H.16"/>
        <item uri="faust://document/faustedition/2_II_H.17"/>
    </relation>

    <relation name="temp-pre">
        <source uri="faust://bibliography/fischer-lamberg1955">S. 154</source>
        <item uri="faust://document/faustedition/2_II_H.18"/>
        <item uri="faust://document/faustedition/2_II_H.17"/>
    </relation>

    <relation name="temp-pre">
        <source uri="faust://bibliography/fischer-lamberg1955">S. 154</source>
        <!-- fixme relative Chronologie innerhalb einer Handschrift im Versintervall 7210-7213 -->
        <!-- <item uri="faust://document/wa/2_II_H.74"/>  -->
        <item uri="faust://document/faustedition/2_II_H.19"/>
        <item uri="faust://document/faustedition/2_II_H.74"/>
    </relation>

    <relation name="temp-pre">
        <source uri="faust://bibliography/fischer-lamberg1955">S. 154</source>
        <!-- fixme relative Chronologie innerhalb einer Handschrift im Versintervall 7214-7220 -->
        <!-- <item uri="faust://document/wa/2_II_H.74"/>  -->
        <item uri="faust://document/faustedition/2_II_H.56"/>
        <item uri="faust://document/faustedition/2_II_H.74"/>
    </relation>

    <relation name="temp-pre">
        <source uri="faust://bibliography/fischer-lamberg1955">S. 154</source>
        <item uri="faust://document/faustedition/2_II_H.20"/>
        <item uri="faust://document/faustedition/2_II_H.74"/>
    </relation>

    <relation name="temp-pre">
        <source uri="faust://bibliography/fischer-lamberg1955">S. 154</source>
        <item uri="faust://document/faustedition/2_II_H.18"/>
        <item uri="faust://document/faustedition/2_II_H.20"/>
        <item uri="faust://document/faustedition/2_II_H.74"/>
    </relation>

    <relation name="temp-pre">
        <source uri="faust://bibliography/fischer-lamberg1955">S. 154</source>
        <item uri="faust://document/faustedition/2_II_H.21"/>
        <item uri="faust://document/faustedition/2_II_H.74"/>
    </relation>

    <relation name="temp-pre">
        <source uri="faust://bibliography/fischer-lamberg1955">S. 154</source>
        <item uri="faust://document/faustedition/2_II_H.22"/>
        <item uri="faust://document/faustedition/2_II_H.24"/>
        <item uri="faust://document/faustedition/2_II_H.23"/>
        <item uri="faust://document/faustedition/2_II_H.13"/>
        <item uri="faust://document/faustedition/2_II_H.74"/>
    </relation>

    <relation name="temp-pre">
        <source uri="faust://bibliography/fischer-lamberg1955">S. 155</source>
        <item uri="faust://document/faustedition/2_II_H.13"/>
        <item uri="faust://document/faustedition/2_II_H.17"/>
        <item uri="faust://document/faustedition/2_II_H.25"/>
        <item uri="faust://document/faustedition/2_II_H.74"/>
    </relation>

    <relation name="temp-pre">
        <source uri="faust://bibliography/fischer-lamberg1955">S. 155</source>
        <item uri="faust://document/faustedition/2_II_H.26"/>
        <item uri="faust://document/wa/2_II_H.27"/>
        <item uri="faust://document/faustedition/2_II_H.28"/>
        <item uri="faust://document/faustedition/2_II_H.74"/>
    </relation>


    <relation name="temp-pre">
        <source uri="faust://bibliography/fischer-lamberg1955">S. 155</source>
        <item uri="faust://document/faustedition/2_II_H.20"/>
        <item uri="faust://document/wa/2_II_H.27"/>
        <item uri="faust://document/faustedition/2_II_H.28"/>
    </relation>


    <relation name="temp-pre">
        <source uri="faust://bibliography/fischer-lamberg1955">S. 155</source>
        <item uri="faust://document/faustedition/2_II_H.16"/>
        <item uri="faust://document/faustedition/2_II_H.26"/>
        <item uri="faust://document/faustedition/2_II_H.20"/>
        <item uri="faust://document/wa/2_II_H.27"/>
        <item uri="faust://document/faustedition/2_II_H.28"/>
    </relation>



    <relation name="temp-pre">
        <source uri="faust://bibliography/fischer-lamberg1955">S. 155</source>
        <item uri="faust://document/fischer_lamberg/2_II_H.27_a"/>
        <item uri="faust://document/faustedition/2_II_H.28"/>
    </relation>



    <relation name="temp-pre">
        <source uri="faust://bibliography/fischer-lamberg1955">S. 155</source>
        <item uri="faust://document/faustedition/2_II_H.29"/>
        <item uri="faust://document/faustedition/2_II_H.30"/>
        <item uri="faust://document/faustedition/2_II_H.31"/>
        <item uri="faust://document/faustedition/2_II_H.74"/>
    </relation>


    <relation name="temp-pre">
        <source uri="faust://bibliography/fischer-lamberg1955">S. 155</source>
        <item uri="faust://document/wa/2_II_H.31_alpha"/>
        <item uri="faust://document/faustedition/2_H"/>
    </relation>


    <relation name="temp-pre">
        <source uri="faust://bibliography/fischer-lamberg1955">S. 155</source>
        <item uri="faust://document/faustedition/2_II_H.32"/>
        <item uri="faust://document/faustedition/2_H"/>
    </relation>



    <relation name="temp-pre">
        <source uri="faust://bibliography/fischer-lamberg1955">S. 155</source>
        <item uri="faust://document/faustedition/2_II_H.33"/>
        <item uri="faust://document/faustedition/2_II_H.34"/>
        <item uri="faust://document/faustedition/2_H"/>
    </relation>



    <relation name="temp-pre">
        <source uri="faust://bibliography/fischer-lamberg1955">S. 155</source>
        <item uri="faust://document/faustedition/2_II_H.35"/>
        <item uri="faust://document/faustedition/2_II_H.36"/>
        <item uri="faust://document/faustedition/2_H"/>
    </relation>


    <relation name="temp-pre">
        <source uri="faust://bibliography/fischer-lamberg1955">S. 155</source>
        <item uri="faust://document/faustedition/2_II_H.74"/>
        <item uri="faust://document/faustedition/2_II_H.35"/>
        <item uri="faust://document/faustedition/2_II_H.36"/>
        <item uri="faust://document/faustedition/2_H"/>
    </relation>



    <relation name="temp-pre">
        <source uri="faust://bibliography/fischer-lamberg1955">S. 156</source>
        <item uri="faust://document/faustedition/2_II_H.17"/>
        <item uri="faust://document/faustedition/2_II_H.25"/>
        <item uri="faust://document/faustedition/2_II_H.74"/>
    </relation>



    <relation name="temp-pre">
        <source uri="faust://bibliography/fischer-lamberg1955">S. 156</source>
        <!-- fixme relative Chronologie innerhalb einer Handschrift im Versintervall 7511-7513 -->
        <!-- <item uri="faust://document/wa/2_II_H.74"/> -->
        <item uri="faust://document/faustedition/2_II_H.37"/>
        <item uri="faust://document/faustedition/2_II_H.74"/>
    </relation>



    <relation name="temp-pre">
        <source uri="faust://bibliography/fischer-lamberg1955">S. 156</source>
        <item uri="faust://document/faustedition/2_II_H.38"/>
        <item uri="faust://document/faustedition/2_II_H.18"/>
        <item uri="faust://document/faustedition/2_II_H.39"/>
        <item uri="faust://document/faustedition/2_II_H.74"/>
    </relation>


    <relation name="temp-pre">
        <source uri="faust://bibliography/fischer-lamberg1955">S. 156</source>
        <item uri="faust://document/faustedition/2_II_H.15"/>
        <item uri="faust://document/faustedition/2_II_H.18"/>
        <item uri="faust://document/faustedition/2_II_H.39"/>
        <item uri="faust://document/faustedition/2_II_H.74"/>
    </relation>



    <relation name="temp-pre">
        <source uri="faust://bibliography/fischer-lamberg1955">S. 156</source>
        <item uri="faust://document/faustedition/2_II_H.40"/>
        <item uri="faust://document/faustedition/2_II_H.24"/>
        <item uri="faust://document/faustedition/2_II_H.41"/>
        <item uri="faust://document/faustedition/2_II_H.74"/>
    </relation>


    <relation name="temp-pre">
        <source uri="faust://bibliography/fischer-lamberg1955">S. 156</source>
        <item uri="faust://document/faustedition/2_II_H.42"/>
        <item uri="faust://document/faustedition/2_II_H.39"/>
        <item uri="faust://document/faustedition/2_II_H.74"/>
    </relation>

    <relation name="temp-pre">
        <source uri="faust://bibliography/fischer-lamberg1955">S. 156</source>
        <!-- fixme relative Chronologie innerhalb einer Handschrift im Versintervall 7676-7695 -->
        <!--   <item uri="faust://document/wa/2_II_H"/> -->
        <item uri="faust://document/faustedition/2_II_H.43"/>
        <item uri="faust://document/faustedition/2_II_H.44"/>
        <item uri="faust://document/faustedition/2_H"/>
    </relation>

    <relation name="temp-pre">
        <source uri="faust://bibliography/fischer-lamberg1955">S. 156</source>
        <item uri="faust://document/faustedition/2_II_H.20"/>
        <item uri="faust://document/faustedition/2_II_H.74"/>
    </relation>

    <relation name="temp-pre">
        <source uri="faust://bibliography/fischer-lamberg1955">S. 156</source>
        <item uri="faust://document/faustedition/2_II_H.54"/>
        <item uri="faust://document/faustedition/2_II_H.24"/>
        <item uri="faust://document/faustedition/2_II_H.23"/>
        <item uri="faust://document/faustedition/2_II_H.74"/>
    </relation>

    <relation name="temp-pre">
        <source uri="faust://bibliography/fischer-lamberg1955">S. 156</source>
        <item uri="faust://document/faustedition/2_II_H.46"/>
        <item uri="faust://document/faustedition/2_II_H.47"/>
        <item uri="faust://document/faustedition/2_II_H.74"/>
    </relation>

    <relation name="temp-pre">
        <source uri="faust://bibliography/fischer-lamberg1955">S. 157</source>
        <item uri="faust://document/faustedition/2_II_H.23"/>
        <item uri="faust://document/faustedition/2_II_H.74"/>
    </relation>

    <relation name="temp-pre">
        <source uri="faust://bibliography/fischer-lamberg1955">S. 157</source>
        <item uri="faust://document/faustedition/2_II_H.15"/>
        <item uri="faust://document/faustedition/2_II_H.23"/>
        <item uri="faust://document/faustedition/2_II_H.74"/>
    </relation>

    <relation name="temp-pre">
        <source uri="faust://bibliography/fischer-lamberg1955">S. 157</source>
        <item uri="faust://document/faustedition/2_II_H.48"/>
        <item uri="faust://document/faustedition/2_II_H.74"/>
    </relation>

    <relation name="temp-pre">
        <source uri="faust://bibliography/fischer-lamberg1955">S. 157</source>
        <item uri="faust://document/faustedition/2_II_H.49"/>
        <item uri="faust://document/faustedition/2_II_H.74"/>
    </relation>

    <relation name="temp-pre">
        <source uri="faust://bibliography/fischer-lamberg1955">S. 157</source>
        <!-- fixme relative Chronologie innerhalb einer Handschrift im Versintervall 7890-7895 -->
        <!--      <item uri="faust://document/wa/2_II_H.47"/> -->
        <item uri="faust://document/faustedition/2_II_H.50"/>
        <item uri="faust://document/faustedition/2_II_H.74"/>
    </relation>

    <relation name="temp-pre">
        <source uri="faust://bibliography/fischer-lamberg1955">S. 157</source>
        <item uri="faust://document/faustedition/2_II_H.49"/>
        <item uri="faust://document/faustedition/2_II_H.47"/>
        <item uri="faust://document/faustedition/2_II_H.57"/>
        <item uri="faust://document/faustedition/2_II_H.74"/>
    </relation>

    <relation name="temp-pre">
        <source uri="faust://bibliography/fischer-lamberg1955">S. 157</source>
        <item uri="faust://document/faustedition/2_II_H.48"/>
        <item uri="faust://document/faustedition/2_II_H.57"/>
        <item uri="faust://document/faustedition/2_II_H.74"/>
    </relation>

    <relation name="temp-pre">
        <source uri="faust://bibliography/fischer-lamberg1955">S. 157</source>
        <item uri="faust://document/faustedition/2_II_H.52"/>
        <item uri="faust://document/faustedition/2_II_H.47"/>
        <item uri="faust://document/faustedition/2_II_H.74"/>
    </relation>

    <relation name="temp-pre">
        <source uri="faust://bibliography/fischer-lamberg1955">S. 157</source>
        <item uri="faust://document/faustedition/2_II_H.49"/>
        <item uri="faust://document/faustedition/2_II_H.53"/>
        <item uri="faust://document/faustedition/2_II_H.74"/>
    </relation>

    <relation name="temp-pre">
        <source uri="faust://bibliography/fischer-lamberg1955">S. 158</source>
        <!-- fixme zwei Schichten H.22 mit zeitlicher Chronologie in gleichem Versintervall 8034-8039 -->
        <item uri="faust://document/faustedition/2_II_H.22"/>
        <item uri="faust://document/faustedition/2_II_H.22"/>
        <item uri="faust://document/faustedition/2_II_H.25"/>
        <item uri="faust://document/faustedition/2_II_H.54"/>
        <item uri="faust://document/faustedition/2_II_H.74"/>
        <item uri="faust://document/faustedition/2_H"/>
    </relation>

    <relation name="temp-pre">
        <source uri="faust://bibliography/fischer-lamberg1955">S. 158</source>
        <!-- fixme zwei Schichten H.22 mit zeitlicher Chronologie in gleichem Versintervall 8076-8077 -->
        <item uri="faust://document/faustedition/2_II_H.22"/>
        <item uri="faust://document/faustedition/2_II_H.22"/>
        <item uri="faust://document/faustedition/2_II_H.74"/>
        <item uri="faust://document/faustedition/2_H"/>
    </relation>

    <relation name="temp-pre">
        <source uri="faust://bibliography/fischer-lamberg1955">S. 158</source>
        <item uri="faust://document/faustedition/2_II_H.55"/>
        <item uri="faust://document/faustedition/2_II_H.74"/>
    </relation>

    <relation name="temp-pre">
        <source uri="faust://bibliography/fischer-lamberg1955">S. 158</source>
        <item uri="faust://document/faustedition/2_II_H.56"/>
        <item uri="faust://document/faustedition/2_II_H.57"/>
        <item uri="faust://document/faustedition/2_II_H.74"/>
    </relation>

    <relation name="temp-pre">
        <source uri="faust://bibliography/fischer-lamberg1955">S. 158</source>
        <item uri="faust://document/faustedition/2_II_H.19"/>
        <item uri="faust://document/faustedition/2_II_H.56"/>
        <item uri="faust://document/faustedition/2_II_H.57"/>
        <item uri="faust://document/faustedition/2_II_H.74"/>
    </relation>

    <relation name="temp-pre">
        <source uri="faust://bibliography/fischer-lamberg1955">S. 158</source>
        <item uri="faust://document/faustedition/2_II_H.58"/>
        <item uri="faust://document/faustedition/2_II_H.74"/>
    </relation>


    <relation name="temp-pre">
        <source uri="faust://bibliography/fischer-lamberg1955">S. 158</source>
        <item uri="faust://document/faustedition/2_II_H.59"/>
        <item uri="faust://document/faustedition/2_II_H.74"/>
    </relation>


    <relation name="temp-pre">
        <source uri="faust://bibliography/fischer-lamberg1955">S. 158</source>
        <item uri="faust://document/faustedition/2_II_H.60"/>
        <item uri="faust://document/faustedition/2_II_H.74"/>
    </relation>


    <relation name="temp-pre">
        <source uri="faust://bibliography/fischer-lamberg1955">S. 158</source>
        <item uri="faust://document/faustedition/2_II_H.61"/>
        <item uri="faust://document/faustedition/2_II_H.62"/>
        <item uri="faust://document/faustedition/2_II_H.74"/>
    </relation>

    <relation name="temp-pre">
        <source uri="faust://bibliography/fischer-lamberg1955">S. 158</source>
        <item uri="faust://document/faustedition/2_II_H.22"/>
        <item uri="faust://document/faustedition/2_II_H.25"/>
        <item uri="faust://document/faustedition/2_II_H.74"/>
    </relation>

    <relation name="temp-pre">
        <source uri="faust://bibliography/fischer-lamberg1955">S. 158</source>
        <item uri="faust://document/faustedition/2_II_H.60"/>
        <item uri="faust://document/faustedition/2_II_H.74"/>
    </relation>


    <relation name="temp-pre">
        <source uri="faust://bibliography/fischer-lamberg1955">S. 158</source>
        <!-- fixme relative Chronologie innerhalb einer Handschrift im Versintervall 8285-8288 -->
        <!--     <item uri="faust://document/wa/2_II_H.74"/> -->
        <item uri="faust://document/faustedition/2_II_H.63"/>
        <item uri="faust://document/faustedition/2_II_H.74"/>
    </relation>

    <relation name="temp-pre">
        <source uri="faust://bibliography/fischer-lamberg1955">S. 158</source>
        <item uri="faust://document/faustedition/2_II_H.64"/>
        <item uri="faust://document/faustedition/2_II_H.65"/>
        <item uri="faust://document/faustedition/2_II_H.66"/>
        <item uri="faust://document/faustedition/2_II_H.74"/>
    </relation>

    <relation name="temp-pre">
        <source uri="faust://bibliography/fischer-lamberg1955">S. 158</source>
        <item uri="faust://document/faustedition/2_II_H.67"/>
        <item uri="faust://document/faustedition/2_II_H.74"/>
    </relation>

    <relation name="temp-pre">
        <source uri="faust://bibliography/fischer-lamberg1955">S. 158</source>
        <item uri="faust://document/faustedition/2_II_H.68"/>
        <item uri="faust://document/faustedition/2_II_H.74"/>
    </relation>

    <relation name="temp-pre">
        <source uri="faust://bibliography/fischer-lamberg1955">S. 158</source>
        <item uri="faust://document/faustedition/2_II_H.68"/>
        <item uri="faust://document/faustedition/2_II_H.55"/>
        <item uri="faust://document/faustedition/2_II_H.74"/>
    </relation>

    <relation name="temp-pre">
        <source uri="faust://bibliography/fischer-lamberg1955">S. 159</source>

        <item uri="faust://document/fischer_lamberg/2_II_H.69_1"/>
        <item uri="faust://document/faustedition/2_II_H.70"/>
        <item uri="faust://document/faustedition/2_H"/>
    </relation>

    <relation name="temp-pre">
        <source uri="faust://bibliography/fischer-lamberg1955">S. 159</source>
        <item uri="faust://document/faustedition/2_II_H.71"/>
        <item uri="faust://document/faustedition/2_II_H.70"/>
        <item uri="faust://document/faustedition/2_H"/>
    </relation>

    <relation name="temp-pre">
        <source uri="faust://bibliography/fischer-lamberg1955">S. 159</source>
        <item uri="faust://document/faustedition/2_II_H.72"/>
        <item uri="faust://document/fischer_lamberg/2_II_H.69_1"/>
        <item uri="faust://document/faustedition/2_II_H.70"/>
        <item uri="faust://document/faustedition/2_II_H.73"/>
        <item uri="faust://document/faustedition/2_H"/>
    </relation>

    <relation name="temp-pre">
        <source uri="faust://bibliography/fischer-lamberg1955">S. 159</source>
        <item uri="faust://document/fischer_lamberg/2_II_H.69_2"/>
        <item uri="faust://document/faustedition/2_II_H.70"/>
        <item uri="faust://document/faustedition/2_II_H.73"/>
    </relation>

    <relation name="temp-pre">
        <source uri="faust://bibliography/fischer-lamberg1955">S. 159</source>
        <item uri="faust://document/faustedition/2_II_H.72"/>
        <item uri="faust://document/fischer_lamberg/2_II_H.69_2"/>
        <item uri="faust://document/faustedition/2_II_H.70"/>
    </relation>


    <date notBefore="1827-09-29">
        <source uri="faust://bibliography/fischer-lamberg1955">S. 26</source>
        <item uri="faust://document/fischer_lamberg/2_II_H.2_b"/>
    </date>

    <date notBefore="1832-03-22">
        <source uri="faust://bibliography/fischer-lamberg1955">S. 27</source>
        <comment>"mit größter Wahrscheinlichkeit"</comment>
        <item uri="faust://document/fischer_lamberg/2_II_H.2_d"/>
    </date>

    <date notBefore="1829-09-02">
        <source uri="faust://bibliography/fischer-lamberg1955">S. 29</source>
        <item uri="faust://document/fischer_lamberg/2_II_H.4_a"/>
    </date>

    <date notAfter="1830-01-17">
        <source uri="faust://bibliography/fischer-lamberg1955">S. 31</source>
        <comment>"Mit einiger Wahrscheinlichkeit"</comment>
        <item uri="faust://document/fischer_lamberg/2_II_H.8_a"/>
    </date>



    <date notAfter="1830-01-17">
        <source uri="faust://bibliography/fischer-lamberg1955">S. 31, 32</source>
        <comment>"doch sehr wahrscheinlich". Die Rückseite hingegen trägt Stichworte zu 729/52, die
            erst nach dem 17.01.1830 entstanden sein können. Vgl. FL S. 36</comment>
        <item uri="faust://document/faustedition/2_II_H.13"/>
    </date>


    <date notBefore="1829-11-28" notAfter="1829-12-01">
        <source uri="faust://bibliography/fischer-lamberg1955">S. 32</source>
        <item uri="faust://document/faustedition/2_II_H.9"/>
    </date>

    <date notBefore="1829-11-28" notAfter="1829-12-01">
        <source uri="faust://bibliography/fischer-lamberg1955">S. 32</source>
        <item uri="faust://document/fischer_lamberg/2_II_H.9_a"/>
    </date>



    <date notBefore="1829-12-01">
        <source uri="faust://bibliography/fischer-lamberg1955">S. 33</source>
        <comment>"[...] H9 [... erweist sich so als Vorstufe von H10 [..]" </comment>
        <item uri="faust://document/faustedition/2_II_H.10"/>
    </date>


    <date notBefore="1829-12-01">
        <source uri="faust://bibliography/fischer-lamberg1955">S. 34.</source>
        <comment>[...] H11 und H10 gleichzeitig anzusetzen sind."</comment>
        <item uri="faust://document/faustedition/2_II_H.11"/>
    </date>

    <date notBefore="1829-01-21">
        <source uri="faust://bibliography/fischer-lamberg1955">S. 35</source>
        <item uri="faust://document/faustedition/2_II_H.14"/>
    </date>

    <date notBefore="1829-12-26">
        <source uri="faust://bibliography/fischer-lamberg1955">S. 35</source>
        <item uri="faust://document/faustedition/2_II_H.15"/>
    </date>


    <date notBefore="1830-01-17" notAfter="1830-01-20">
        <source uri="faust://bibliography/fischer-lamberg1955">S. 36</source>
        <comment>Das Ausgangsdatum, dieser absoluten Datierung bezieht sich auf die Stichworte auf
            der Rückseite. "Der übrige Text, besonders die Johnsche Reinschrift auf der Vs., kann
            natürlich auch vor dem 17.1. enstatnden sein." Aber vermutlich nicht nach dem
            20.1.1830</comment>
        <item uri="faust://document/faustedition/2_II_H.17"/>
    </date>

    <date notBefore="1830-02-16">
        <source uri="faust://bibliography/fischer-lamberg1955">S. 37</source>
        <item uri="faust://document/faustedition/2_II_H.19"/>
    </date>



    <date notAfter="1830-01-30">
        <source uri="faust://bibliography/fischer-lamberg1955">S. 37</source>
        <item uri="faust://document/faustedition/2_II_H.20"/>
    </date>

    <date notAfter="1830-01-30">
        <source uri="faust://bibliography/fischer-lamberg1955">S. 37</source>
        <item uri="faust://document/wa/2_II_H.27"/>
    </date>

    <date notBefore="1830-01-25" notAfter="1830-03-01">
        <source uri="faust://bibliography/fischer-lamberg1955">S. 38, 39</source>
        <comment>"[...] vielleicht gehen wir nicht zu weit, wenn wir die Entstehung der genannten
            Verse von H22 in zeitliche Nachbarschaft von H45 rücken, d.h. sie ende Januar/Anfang
            Februar ansetzen. [...] Vielleicht darf man also den Schluß ziehen, daß das Ende
            Januar/Anfang Februar [...] verwandte Blatt Ende Febraur [...] wieder benutzt
            wurde."</comment>
        <item uri="faust://document/faustedition/2_II_H.22"/>
    </date>


    <date notBefore="1830-01-17">
        <source uri="faust://bibliography/fischer-lamberg1955">S. 40</source>
        <item uri="faust://document/faustedition/2_II_H.25"/>
    </date>

    <date notBefore="1830-01-25" notAfter="1830-01-29">
        <source uri="faust://bibliography/fischer-lamberg1955">S. 42</source>
        <item uri="faust://document/fischer_lamberg/2_II_H.27_a"/>
    </date>


    <date when="1830-04-19">
        <source uri="faust://bibliography/fischer-lamberg1955">S. 44</source>
        <comment>+-</comment>
        <item uri="faust://document/faustedition/2_II_H.31a"/>
    </date>


    <date notBefore="1830-03-22">
        <source uri="faust://bibliography/fischer-lamberg1955">S. 45</source>
        <item uri="faust://document/faustedition/2_II_H.33"/>
    </date>

    <date notBefore="1830-04-23">
        <source uri="faust://bibliography/fischer-lamberg1955">S. 46</source>
        <item uri="faust://document/faustedition/2_II_H.34"/>
    </date>

    <date notBefore="1830-01-12">
        <source uri="faust://bibliography/fischer-lamberg1955">S. 49</source>
        <item uri="faust://document/faustedition/2_II_H.38"/>
    </date>



    <date notBefore="1830-01-25" notAfter="1830-01-29">
        <source uri="faust://bibliography/fischer-lamberg1955">S. 41</source>
        <item uri="faust://document/faustedition/2_II_H.45"/>
    </date>


    <date notBefore="1830-06-18">
        <source uri="faust://bibliography/fischer-lamberg1955">S. 51</source>
        <comment>"[...] ist dieses Datum nur mit allergrößter Vorsicht zu verwenden."</comment>
        <item uri="faust://document/faustedition/2_II_H.48"/>
    </date>

    <date when="1830-03-26">
        <source uri="faust://bibliography/fischer-lamberg1955">S. 48</source>
        <comment>+- "Unmöglich ist es jedoch nicht, daß sie alle von einem großen Bogen stammen und
            [...] in den März/April zu verlegen sind. Diese Vermutung wird gestützt
            [...]."</comment>
        <item uri="faust://document/faustedition/2_II_H.52"/>
    </date>

    <date when="1830-03-26">
        <source uri="faust://bibliography/fischer-lamberg1955">S. 54</source>
        <comment>+- Die von John geschriebenen Verse des Blattes sind hingegen vor dem 26.3.
            entstanden</comment>
        <item uri="faust://document/faustedition/2_II_H.55"/>
    </date>




    <date notBefore="1830-02-16">
        <source uri="faust://bibliography/fischer-lamberg1955">S. 37</source>
        <item uri="faust://document/faustedition/2_II_H.56"/>
    </date>


    <date notBefore="1830-02-16">
        <source uri="faust://bibliography/fischer-lamberg1955">S. 37</source>
        <item uri="faust://document/faustedition/2_II_H.58"/>
    </date>

    <date notBefore="1830-02-16">
        <source uri="faust://bibliography/fischer-lamberg1955">S. 55</source>
        <item uri="faust://document/faustedition/2_II_H.57"/>
    </date>

    <date notBefore="1830-03-01" notAfter="1830-04-30">
        <source uri="faust://bibliography/fischer-lamberg1955">S. 56, 48</source>
        <item uri="faust://document/faustedition/2_II_H.60"/>
    </date>

    <date when="1830-03-26">
        <source uri="faust://bibliography/fischer-lamberg1955">S. 57</source>
        <comment>+-</comment>
        <item uri="faust://document/faustedition/2_II_H.61"/>
    </date>

    <date notBefore="1830-03-26">
        <source uri="faust://bibliography/fischer-lamberg1955">S. 57</source>
        <item uri="faust://document/faustedition/2_II_H.62"/>
    </date>


    <date notBefore="1829-12-29">
        <source uri="faust://bibliography/fischer-lamberg1955">S. 58</source>
        <item uri="faust://document/faustedition/2_II_H.63"/>
    </date>




    <date notBefore="1830-05-29">
        <source uri="faust://bibliography/fischer-lamberg1955">S. 59, 158</source>
        <comment>Vielleicht</comment>
        <item uri="faust://document/faustedition/2_II_H.64"/>
    </date>

    <date notBefore="1830-05-29">
        <source uri="faust://bibliography/fischer-lamberg1955">S. 59, 158</source>
        <comment>Vielleicht</comment>
        <item uri="faust://document/faustedition/2_II_H.65"/>
    </date>

    <date notBefore="1830-05-29">
        <source uri="faust://bibliography/fischer-lamberg1955">S. 59, 158</source>
        <comment>Vielleicht</comment>
        <item uri="faust://document/faustedition/2_II_H.66"/>
    </date>

    <relation name="temp-pre">
        <source uri="faust://bibliography/fischer-lamberg1955">S. 59, 158</source>
        <comment>"die Verse 8291/2, die auf diesen Blättern [H.64, H.65, H.66] noch fehlen [...];
            sie sind zuerst überliefert auf H.67"</comment>
        <item uri="faust://document/faustedition/2_II_H.66"/>
        <item uri="faust://document/faustedition/2_II_H.67"/>
    </relation>

    <date notBefore="1830-06-12">
        <source uri="faust://bibliography/fischer-lamberg1955">S. 59</source>
        <comment>"[...] sicher ist diese [...] Datierung nicht."</comment>
        <item uri="faust://document/faustedition/2_II_H.67"/>
    </date>


    <date notBefore="1830-06-12">
        <source uri="faust://bibliography/fischer-lamberg1955">S. 59</source>
        <comment>"[...] sicher ist diese [...] Datierung nicht."</comment>
        <item uri="faust://document/faustedition/2_II_H.68"/>
    </date>

    <date notBefore="1830-08-29">
        <source uri="faust://bibliography/fischer-lamberg1955">S. 64</source>
        <item uri="faust://document/faustedition/2_II_H.70"/>
    </date>

    <date notBefore="1830-06-12">
        <source uri="faust://bibliography/fischer-lamberg1955">S. 66</source>
        <item uri="faust://document/faustedition/2_II_H.71"/>
    </date>

    <date notAfter="1830-06-25">
        <source uri="faust://bibliography/fischer-lamberg1955">S. 154 ff.</source>
        <item uri="faust://document/faustedition/2_II_H.74"/>
    </date>

    <date when="1827-09-12">
        <source uri="faust://bibliography/fischer-lamberg1955">S. 68</source>
        <comment>+-</comment>
        <item uri="faust://document/faustedition/2_I_H.13"/>
    </date>

    <date notBefore="1829-11-28">
        <source uri="faust://bibliography/fischer-lamberg1955">S. 68</source>
        <item uri="faust://document/faustedition/2_I_H.56"/>
    </date>





</macrogenesis>