<?xml version='1.0' encoding='UTF-8'?>
<?xml-model href="../macrogenesis.rnc" type="application/relax-ng-compact-syntax"?><macrogenesis xmlns="http://www.faustedition.net/ns" xmlns:xsi="http://www.w3.org/2001/XMLSchema-instance">
    
    <relation name="temp-pre">
        <source uri="faust://bibliography/fischer-lamberg1955">S.160</source>
        <item uri="faust://document/faustedition/2_III_H.1"/>
        <item uri="faust://document/wa/2_III_H.2"/>
        <item uri="faust://document/faustedition/2_III_H.3"/>
        <item uri="faust://document/wa/2_III_H.III"/>
        <item uri="faust://document/faustedition/2_H"/>
    </relation>
    <relation name="temp-pre">
        <source uri="faust://bibliography/fischer-lamberg1955">S.160</source><!-- fixme relative Chronologie innerhalb einer Handschrift im Versintervall 8516-8523 -->
        <!-- <item uri="faust://document/wa/2_III_H.3"/> -->
        <item uri="faust://document/faustedition/2_III_H.4"/>
        <item uri="faust://document/faustedition/2_III_H.3"/>
        <item uri="faust://document/wa/2_III_H.III"/>
        <item uri="faust://document/faustedition/2_H"/>
    </relation>
    <relation name="temp-pre">
        <source uri="faust://bibliography/fischer-lamberg1955">S.160</source><!-- fixme relative Chronologie innerhalb einer Handschrift im Versintervall 8560-8567 -->
        <!-- <item uri="faust://document/wa/2_III_H.3"/> -->
        <item uri="faust://document/faustedition/2_III_H.4"/>
        <item uri="faust://document/faustedition/2_III_H.3"/>
        <item uri="faust://document/wa/2_III_H.III"/>
        <item uri="faust://document/faustedition/2_H"/>
    </relation>
    <relation name="temp-pre">
        <source uri="faust://bibliography/fischer-lamberg1955">S.160</source><!-- fixme relative Chronologie innerhalb einer Handschrift im Versintervall 8587-8590 -->
        <!-- <item uri="faust://document/wa/2_III_H.1"/> -->
        <item uri="faust://document/faustedition/2_III_H.5"/>
        <item uri="faust://document/faustedition/2_III_H.1"/>
        <item uri="faust://document/wa/2_III_H.2"/>
        <item uri="faust://document/faustedition/2_III_H.3"/>
        <item uri="faust://document/wa/2_III_H.III"/>
        <item uri="faust://document/faustedition/2_H"/>
    </relation>
    <relation name="temp-pre">
        <source uri="faust://bibliography/fischer-lamberg1955">S.160</source><!-- fixme relative Chronologie innerhalb einer Handschrift im Versintervall 8591-8603 -->
        <!-- <item uri="faust://document/wa/2_III_H.3"/> -->
        <item uri="faust://document/faustedition/2_III_H.4"/>
        <item uri="faust://document/faustedition/2_III_H.3"/>
        <item uri="faust://document/wa/2_III_H.III"/>
        <item uri="faust://document/faustedition/2_H"/>
    </relation>
    <relation name="temp-pre">
        <source uri="faust://bibliography/fischer-lamberg1955">S.160</source><!-- fixme relative Chronologie innerhalb einer Handschrift im Versintervall 8604-8609 -->
        <!-- <item uri="faust://document/wa/2_III_H.1"/> -->
        <item uri="faust://document/wa/2_III_H.6"/>
        <item uri="faust://document/faustedition/2_III_H.1"/>
        <item uri="faust://document/wa/2_III_H.2"/>
        <item uri="faust://document/faustedition/2_III_H.3"/>
        <item uri="faust://document/wa/2_III_H.III"/>
        <item uri="faust://document/faustedition/2_H"/>
    </relation>
    <relation name="temp-pre">
        <source uri="faust://bibliography/fischer-lamberg1955">S.160</source><!-- fixme relative Chronologie innerhalb einer Handschrift im Versintervall 8610-8624 -->
        <!-- <item uri="faust://document/wa/2_III_H.1"/> -->
        <item uri="faust://document/faustedition/2_III_H.5"/>
        <item uri="faust://document/faustedition/2_III_H.8"/>
        <item uri="faust://document/faustedition/2_III_H.1"/>
        <item uri="faust://document/wa/2_III_H.2"/>
        <item uri="faust://document/fischer_lamberg/2_III_H.2_a_6"/>
        <item uri="faust://document/fischer_lamberg/2_III_H.2_a_1"/>
        <item uri="faust://document/faustedition/2_III_H.7_1"/>
        <item uri="faust://document/faustedition/2_III_H.3"/>
        <item uri="faust://document/wa/2_III_H.III"/>
        <item uri="faust://document/faustedition/2_H"/>
    </relation>

    
    <relation name="temp-pre">
        <source uri="faust://bibliography/fischer-lamberg1955">S.160</source><!-- fixme relative Chronologie innerhalb einer Handschrift im Versintervall 8625-8627 -->
        <!-- <item uri="faust://document/wa/2_III_H.1"/> -->
        <item uri="faust://document/faustedition/2_III_H.5"/>
        <item uri="faust://document/faustedition/2_III_H.8"/>
        <item uri="faust://document/faustedition/2_III_H.1"/>
        <item uri="faust://document/wa/2_III_H.2"/>
        <item uri="faust://document/fischer_lamberg/2_III_H.2_a_6"/>
        <item uri="faust://document/fischer_lamberg/2_III_H.2_a_1"/>
        <item uri="faust://document/faustedition/2_III_H.7_1"/>
        <item uri="faust://document/faustedition/2_III_H.67"/>
        <item uri="faust://document/faustedition/2_III_H.3"/>
        <item uri="faust://document/wa/2_III_H.III"/>
        <item uri="faust://document/faustedition/2_H"/>
    </relation>
    <relation name="temp-pre">
        <source uri="faust://bibliography/fischer-lamberg1955">S.160</source><!-- fixme relative Chronologie innerhalb einer Handschrift im Versintervall 8628-8632 -->
        <!-- <item uri="faust://document/wa/2_III_H.1"/> -->
        <item uri="faust://document/faustedition/2_III_H.5"/>
        <item uri="faust://document/faustedition/2_III_H.8"/>
        <item uri="faust://document/faustedition/2_III_H.1"/>
        <item uri="faust://document/wa/2_III_H.2"/>
        <item uri="faust://document/faustedition/2_III_H.7_1"/>
        <item uri="faust://document/faustedition/2_III_H.3"/>
        <item uri="faust://document/wa/2_III_H.III"/>
        <item uri="faust://document/faustedition/2_H"/>
    </relation>

    
    <relation name="temp-pre">
        <source uri="faust://bibliography/fischer-lamberg1955">S.160</source><!-- fixme relative Chronologie innerhalb einer Handschrift im Versintervall 8633-8637 -->
        <!-- <item uri="faust://document/wa/2_III_H.1"/> -->
        <item uri="faust://document/faustedition/2_III_H.8"/>
        <item uri="faust://document/faustedition/2_III_H.1"/>
        <item uri="faust://document/wa/2_III_H.2"/>
        <item uri="faust://document/faustedition/2_III_H.7_1"/>
        <item uri="faust://document/faustedition/2_III_H.3"/>
        <item uri="faust://document/wa/2_III_H.III"/>
        <item uri="faust://document/faustedition/2_H"/>
    </relation>

    <relation name="temp-pre">
        <source uri="faust://bibliography/fischer-lamberg1955">S.160</source>
        <item uri="faust://document/faustedition/2_III_H.1"/>
        <item uri="faust://document/wa/2_III_H.2"/>
        <item uri="faust://document/fischer_lamberg/2_III_H.2_a_5"/>
        <item uri="faust://document/fischer_lamberg/2_III_H.7_2"/>
        <item uri="faust://document/wa/2_III_H.III"/>
        <item uri="faust://document/faustedition/2_H"/>
    </relation>
    <relation name="temp-pre">
        <source uri="faust://bibliography/fischer-lamberg1955">S.160</source>
        <item uri="faust://document/faustedition/2_III_H.1"/>
        <item uri="faust://document/wa/2_III_H.2"/>
        <item uri="faust://document/fischer_lamberg/2_III_H.2_a_5"/>
        <item uri="faust://document/fischer_lamberg/2_III_H.7_3"/>
        <item uri="faust://document/wa/2_III_H.III"/>
        <item uri="faust://document/faustedition/2_H"/>
    </relation>
    <relation name="temp-pre">
        <source uri="faust://bibliography/fischer-lamberg1955">S.160</source>
        <item uri="faust://document/faustedition/2_III_H.9"/>
        <item uri="faust://document/faustedition/2_III_H.1"/>
        <item uri="faust://document/wa/2_III_H.2"/>
        <item uri="faust://document/fischer_lamberg/2_III_H.7_3"/>
        <item uri="faust://document/wa/2_III_H.III"/>
        <item uri="faust://document/faustedition/2_H"/>
    </relation>
    <relation name="temp-pre">
        <source uri="faust://bibliography/fischer-lamberg1955">S.160</source>
        <item uri="faust://document/faustedition/2_III_H.1"/>
        <item uri="faust://document/wa/2_III_H.2"/>
        <item uri="faust://document/faustedition/2_III_H.7_5"/>
        <item uri="faust://document/wa/2_III_H.III"/>
        <item uri="faust://document/faustedition/2_H"/>
    </relation>
    <relation name="temp-pre">
        <source uri="faust://bibliography/fischer-lamberg1955">S.160</source><!-- fixme relative Chronologie innerhalb einer Handschrift im Vers 8779 -->
        <!-- <item uri="faust://document/wa/2_III_H.1"/> -->
        <item uri="faust://document/faustedition/2_III_H.10"/>
        <item uri="faust://document/faustedition/2_III_H.1"/>
        <item uri="faust://document/wa/2_III_H.2"/>
        <item uri="faust://document/faustedition/2_III_H.7_5"/>
        <item uri="faust://document/wa/2_III_H.III"/>
        <item uri="faust://document/faustedition/2_H"/>
    </relation>
    <relation name="temp-pre">
        <source uri="faust://bibliography/fischer-lamberg1955">S.160</source><!-- fixme relative Chronologie innerhalb einer Handschrift im Versintervall 8780-8784 -->
        <!-- <item uri="faust://document/wa/2_III_H.1"/> -->
        <item uri="faust://document/faustedition/2_III_H.10"/>
        <item uri="faust://document/faustedition/2_III_H.1"/>
        <item uri="faust://document/wa/2_III_H.2"/>
        
        <item uri="faust://document/wa/2_III_H.III"/>
        <item uri="faust://document/faustedition/2_H"/>
    </relation>
    
    <relation name="temp-pre">
        <source uri="faust://bibliography/fischer-lamberg1955">S.160</source><!-- fixme relative Chronologie innerhalb einer Handschrift im Vers 8785 -->
        <!-- <item uri="faust://document/wa/2_III_H.1"/> -->
        <item uri="faust://document/faustedition/2_III_H.10"/>
        <item uri="faust://document/faustedition/2_III_H.1"/>
        <item uri="faust://document/wa/2_III_H.2"/>
        <item uri="faust://document/faustedition/2_III_H.7_5"/>
        <item uri="faust://document/wa/2_III_H.III"/>
        <item uri="faust://document/faustedition/2_H"/>
    </relation>
    
    <relation name="temp-pre">
        <source uri="faust://bibliography/fischer-lamberg1955">S.160</source><!-- fixme relative Chronologie innerhalb einer Handschrift im Versintervall 8786-8787 -->
        <!-- <item uri="faust://document/wa/2_III_H.1"/> -->
        <item uri="faust://document/faustedition/2_III_H.10"/>
        <item uri="faust://document/faustedition/2_III_H.1"/>
        <item uri="faust://document/wa/2_III_H.2"/>
        
        <item uri="faust://document/wa/2_III_H.III"/>
        <item uri="faust://document/faustedition/2_H"/>
    </relation>
    <relation name="temp-pre">
        <source uri="faust://bibliography/fischer-lamberg1955">S.160</source><!-- fixme relative Chronologie innerhalb einer Handschrift im Versintervall 8788-8789 -->
        <!-- <item uri="faust://document/wa/2_III_H.1"/> -->
        <item uri="faust://document/faustedition/2_III_H.10"/>
        <item uri="faust://document/faustedition/2_III_H.1"/>
        <item uri="faust://document/wa/2_III_H.2"/>
        <item uri="faust://document/faustedition/2_III_H.7_5"/>
        <item uri="faust://document/wa/2_III_H.III"/>
        <item uri="faust://document/faustedition/2_H"/>
    </relation>
    <relation name="temp-pre">
        <source uri="faust://bibliography/fischer-lamberg1955">S.160</source><!-- fixme relative Chronologie innerhalb einer Handschrift im Versintervall 8790-8802 -->
        <!-- <item uri="faust://document/wa/2_III_H.1"/> -->
        <item uri="faust://document/faustedition/2_III_H.10"/>
        <item uri="faust://document/faustedition/2_III_H.1"/>
        <item uri="faust://document/wa/2_III_H.2"/>
        
        <item uri="faust://document/wa/2_III_H.III"/>
        <item uri="faust://document/faustedition/2_H"/>
    </relation>
    
    <relation>
        <source uri="faust://bibliography/fischer-lamberg1955">S.161</source>
        <item uri="faust://document/faustedition/2_III_H.11"/>
        <item uri="faust://document/faustedition/2_III_H.1"/>
        <item uri="faust://document/wa/2_III_H.2"/>
        <item uri="faust://document/wa/2_III_H.III"/>
        <item uri="faust://document/faustedition/2_H"/>
    </relation>
    <relation>
        <source uri="faust://bibliography/fischer-lamberg1955">S.161</source>
        <item uri="faust://document/faustedition/2_III_H.12"/>
        <item uri="faust://document/fischer_lamberg/2_III_H.11_a"/>
        <item uri="faust://document/faustedition/2_III_H.11"/>
        <item uri="faust://document/faustedition/2_III_H.1"/>
        <item uri="faust://document/wa/2_III_H.2"/>
        <item uri="faust://document/wa/2_III_H.III"/>
        <item uri="faust://document/faustedition/2_H"/>
    </relation>
    <relation name="temp-pre">
        <source uri="faust://bibliography/fischer-lamberg1955">S.161</source>
        <item uri="faust://document/faustedition/2_III_H.11"/>
        <item uri="faust://document/faustedition/2_III_H.1"/>
        <item uri="faust://document/wa/2_III_H.2"/>
        <item uri="faust://document/faustedition/2_III_H.7_5"/>
        <item uri="faust://document/wa/2_III_H.III"/>
        <item uri="faust://document/faustedition/2_H"/>
    </relation>
    <relation name="temp-pre">
        <source uri="faust://bibliography/fischer-lamberg1955">S. 161</source>
        <item uri="faust://document/faustedition/2_III_H.13"/>
        <item uri="faust://document/faustedition/2_III_H.1"/>
        <item uri="faust://document/wa/2_III_H.2"/>
        <item uri="faust://document/wa/2_III_H.III"/>
        <item uri="faust://document/faustedition/2_H"/>
    </relation>
    <relation name="temp-pre">
        <source uri="faust://bibliography/fischer-lamberg1955">S. 161</source>
        <item uri="faust://document/faustedition/2_III_H.13"/>
        <item uri="faust://document/faustedition/2_III_H.14"/>
        <item uri="faust://document/faustedition/2_III_H.1"/>
        <item uri="faust://document/wa/2_III_H.2"/>
        <item uri="faust://document/wa/2_III_H.III"/>
        <item uri="faust://document/faustedition/2_H"/>
    </relation>
    <relation name="temp-pre">
        <source uri="faust://bibliography/fischer-lamberg1955">S. 161</source>
        <item uri="faust://document/faustedition/2_III_H.13"/>
        <item uri="faust://document/faustedition/2_III_H.14"/>
        <item uri="faust://inscription/fischer_lamberg/2_III_H.15/"/>
        <item uri="faust://inscription/fischer_lamberg/2_III_H.15/"/>
        <item uri="faust://document/faustedition/2_III_H.16"/>
        <item uri="faust://document/faustedition/2_III_H.17"/>
        <item uri="faust://document/faustedition/2_III_H.1"/>
        <item uri="faust://document/wa/2_III_H.2"/>
        <item uri="faust://document/wa/2_III_H.III"/>
        <item uri="faust://document/faustedition/2_H"/>
    </relation>
    <relation name="temp-pre">
        <source uri="faust://bibliography/fischer-lamberg1955">S. 161</source>
        <item uri="faust://document/faustedition/2_III_H.18"/>
        <item uri="faust://inscription/fischer_lamberg/2_III_H.15/"/>
        <item uri="faust://inscription/fischer_lamberg/2_III_H.15/"/>
        <item uri="faust://document/faustedition/2_III_H.16"/>
        <item uri="faust://document/faustedition/2_III_H.17"/>
        <item uri="faust://document/faustedition/2_III_H.1"/>
        <item uri="faust://document/wa/2_III_H.2"/>
        <item uri="faust://document/wa/2_III_H.III"/>
        <item uri="faust://document/faustedition/2_H"/>
    </relation>
    <relation name="temp-pre">
        <source uri="faust://bibliography/fischer-lamberg1955">S. 161</source>
        <item uri="faust://document/faustedition/2_III_H.18"/>
        <item uri="faust://inscription/fischer_lamberg/2_III_H.15/"/>
        <item uri="faust://document/faustedition/2_III_H.19"/>
        <item uri="faust://document/faustedition/2_III_H.17"/>
        <item uri="faust://document/faustedition/2_III_H.1"/>
        <item uri="faust://document/wa/2_III_H.2"/>
        <item uri="faust://document/wa/2_III_H.III"/>
        <item uri="faust://document/faustedition/2_H"/>
    </relation>
    
    
    <relation name="temp-pre">
        <source uri="faust://bibliography/fischer-lamberg1955">S. 161</source>
        <item uri="faust://document/faustedition/2_III_H.18"/>
        <item uri="faust://document/wa/2_III_H.6"/>
        <item uri="faust://document/faustedition/2_III_H.19"/>
        <item uri="faust://document/faustedition/2_III_H.17"/>
        <item uri="faust://document/faustedition/2_III_H.1"/>
        <item uri="faust://document/wa/2_III_H.2"/>
        <item uri="faust://document/wa/2_III_H.III"/>
        <item uri="faust://document/faustedition/2_H"/>
    </relation>
    
    <relation name="temp-pre">
        <source uri="faust://bibliography/fischer-lamberg1955">S. 161</source>
        <item uri="faust://document/faustedition/2_III_H.18"/>
        <item uri="faust://document/wa/2_III_H.6"/>
        <item uri="faust://document/faustedition/2_III_H.20"/>
        <item uri="faust://document/faustedition/2_III_H.21"/>
        <item uri="faust://document/faustedition/2_III_H.17"/>
        <item uri="faust://document/faustedition/2_III_H.1"/>
        <item uri="faust://document/wa/2_III_H.2"/>
        <item uri="faust://document/wa/2_III_H.III"/>
        <item uri="faust://document/faustedition/2_H"/>
    </relation>
    
    <relation name="temp-pre">
        <source uri="faust://bibliography/fischer-lamberg1955">S. 161</source>
        <item uri="faust://document/faustedition/2_III_H.14"/>
        <item uri="faust://document/wa/2_III_H.6"/>
        <item uri="faust://document/faustedition/2_III_H.20"/>
        <item uri="faust://document/faustedition/2_III_H.21"/>
        <item uri="faust://document/faustedition/2_III_H.17"/>
        <item uri="faust://document/faustedition/2_III_H.1"/>
        <item uri="faust://document/wa/2_III_H.2"/>
        <item uri="faust://document/wa/2_III_H.III"/>
        <item uri="faust://document/faustedition/2_H"/>
    </relation>
    
    <relation name="temp-pre">
        <source uri="faust://bibliography/fischer-lamberg1955">S. 161</source>
        <item uri="faust://document/faustedition/2_III_H.23"/>
        <item uri="faust://document/faustedition/2_III_H.17"/>
        <item uri="faust://document/faustedition/2_III_H.1"/>
        <item uri="faust://document/wa/2_III_H.2"/>
        <item uri="faust://document/fischer_lamberg/2_III_H.22_1"/>
        <item uri="faust://document/faustedition/2_III_H.7_3"/>
        <item uri="faust://document/fischer_lamberg/2_III_H.2_a_4"/>
        <item uri="faust://document/wa/2_III_H.III"/>
        <item uri="faust://document/faustedition/2_H"/>
    </relation>
    
    <relation name="temp-pre">
        <source uri="faust://bibliography/fischer-lamberg1955">S. 161</source>
        <item uri="faust://document/faustedition/2_III_H.23"/>
        <item uri="faust://document/fischer_lamberg/2_III_H.6_a"/>
        <item uri="faust://document/faustedition/2_III_H.17"/>
        <item uri="faust://document/faustedition/2_III_H.1"/>
        <item uri="faust://document/wa/2_III_H.2"/>
        <item uri="faust://document/fischer_lamberg/2_III_H.22_1"/>
        <item uri="faust://document/faustedition/2_III_H.7_3"/>
        <item uri="faust://document/fischer_lamberg/2_III_H.2_a_4"/>
        <item uri="faust://document/wa/2_III_H.III"/>
        <item uri="faust://document/faustedition/2_H"/>
    </relation>
    
    
    <relation name="temp-pre">
        <source uri="faust://bibliography/fischer-lamberg1955">S. 161</source>
        <item uri="faust://document/faustedition/2_III_H.25"/>
        <item uri="faust://document/faustedition/2_III_H.1"/>
        <item uri="faust://document/wa/2_III_H.2"/>
        <item uri="faust://document/wa/2_III_H.III"/>
        <item uri="faust://document/faustedition/2_H"/>
    </relation>
    
    
    <relation name="temp-pre">
        <source uri="faust://bibliography/fischer-lamberg1955">S. 161</source>
        <item uri="faust://document/fischer_lamberg/2_III_H.25_a"/>
        <item uri="faust://document/faustedition/2_III_H.25"/>
        <item uri="faust://document/faustedition/2_III_H.1"/>
        <item uri="faust://document/wa/2_III_H.2"/>
        <item uri="faust://document/wa/2_III_H.III"/>
        <item uri="faust://document/faustedition/2_H"/>
    </relation>
    
    <relation name="temp-pre">
        <source uri="faust://bibliography/fischer-lamberg1955">S. 161</source>
        <item uri="faust://document/faustedition/2_III_H.15"/>
        <item uri="faust://document/wa/2_III_H.6"/>
        <item uri="faust://document/faustedition/2_III_H.20"/>
        <item uri="faust://document/fischer_lamberg/2_III_H.25_a"/>
        <item uri="faust://document/faustedition/2_III_H.25"/>
        <item uri="faust://document/faustedition/2_III_H.1"/>
        <item uri="faust://document/wa/2_III_H.2"/>
        <item uri="faust://document/wa/2_III_H.III"/>
        <item uri="faust://document/faustedition/2_H"/>
    </relation>


    <relation name="temp-pre">
        <source uri="faust://bibliography/fischer-lamberg1955">S. 162</source>
        <item uri="faust://document/faustedition/2_III_H.34"/>
        <item uri="faust://document/faustedition/2_III_H.26"/>
        <item uri="faust://document/faustedition/2_III_H.1"/>
        <item uri="faust://document/wa/2_III_H.2"/>
        <item uri="faust://document/wa/2_III_H.III"/>
        <item uri="faust://document/faustedition/2_H"/>
    </relation>
    
    
    
    <relation name="temp-pre">
        <source uri="faust://bibliography/fischer-lamberg1955">S. 162</source><!-- fixme relative Chronologie innerhalb einer Handschrift im Vers 8936 -->
        <!--  <item uri="faust://document/wa/2_III_H.1"/> -->
        <item uri="faust://document/faustedition/2_III_H.27"/>
        <item uri="faust://document/faustedition/2_III_H.29"/>
        <item uri="faust://document/faustedition/2_III_H.1"/>
        <item uri="faust://document/wa/2_III_H.2"/>
        <item uri="faust://document/wa/2_III_H.III"/>
        <item uri="faust://document/faustedition/2_H"/>
    </relation>
    
    <relation name="temp-pre">
        <source uri="faust://bibliography/fischer-lamberg1955">S. 162</source><!-- fixme relative Chronologie innerhalb einer Handschrift im Versintervall 8937-8938 -->
        <!--  <item uri="faust://document/wa/2_III_H.1"/> -->
 
        <item uri="faust://document/faustedition/2_III_H.1"/>
        <item uri="faust://document/wa/2_III_H.2"/>
        <item uri="faust://document/wa/2_III_H.III"/>
        <item uri="faust://document/faustedition/2_H"/>
    </relation>
    
    <relation name="temp-pre">
        <source uri="faust://bibliography/fischer-lamberg1955">S. 162</source><!-- fixme relative Chronologie innerhalb einer Handschrift im Versintervall 8939-8944 -->
        <!--  <item uri="faust://document/wa/2_III_H.1"/> -->
        <item uri="faust://document/faustedition/2_III_H.27"/>
        <item uri="faust://document/faustedition/2_III_H.28"/>
        <item uri="faust://document/faustedition/2_III_H.29"/>
        <item uri="faust://document/faustedition/2_III_H.1"/>
        <item uri="faust://document/wa/2_III_H.2"/>
        <item uri="faust://document/wa/2_III_H.III"/>
        <item uri="faust://document/faustedition/2_H"/>
    </relation>
   
    <relation name="temp-pre">
        <source uri="faust://bibliography/fischer-lamberg1955">S. 162</source><!-- fixme relative Chronologie innerhalb einer Handschrift im Vers 8945- -->
        <!--  <item uri="faust://document/wa/2_III_H.1"/> -->
    
        <item uri="faust://document/faustedition/2_III_H.28"/>
        <item uri="faust://document/faustedition/2_III_H.29"/>
        <item uri="faust://document/faustedition/2_III_H.1"/>
        <item uri="faust://document/wa/2_III_H.2"/>
        <item uri="faust://document/wa/2_III_H.III"/>
        <item uri="faust://document/faustedition/2_H"/>
    </relation>
    
    <relation name="temp-pre">
        <source uri="faust://bibliography/fischer-lamberg1955">S. 162</source><!-- fixme relative Chronologie innerhalb einer Handschrift im Versintervall 8946- 8955 -->
        <!--  <item uri="faust://document/wa/2_III_H.1"/> -->
        
        <item uri="faust://document/faustedition/2_III_H.29"/>
        <item uri="faust://document/faustedition/2_III_H.1"/>
        <item uri="faust://document/wa/2_III_H.2"/>
        <item uri="faust://document/wa/2_III_H.III"/>
        <item uri="faust://document/faustedition/2_H"/>
    </relation>
    
    <relation name="temp-pre">
        <source uri="faust://bibliography/fischer-lamberg1955">S. 162</source><!-- fixme zwei Schichten H.1 mit zeitlicher Chronologie in gleichem Vers 8954 -->
        <item uri="faust://document/faustedition/2_III_H.34"/>
        <item uri="faust://document/faustedition/2_III_H.26"/>
        <item uri="faust://document/faustedition/2_III_H.1"/>
        <item uri="faust://document/faustedition/2_III_H.29"/>
        <item uri="faust://document/faustedition/2_III_H.1"/>
        <item uri="faust://document/wa/2_III_H.2"/>
        <item uri="faust://document/wa/2_III_H.III"/>
        <item uri="faust://document/faustedition/2_H"/>
    </relation>

    
    
    
    
    <relation name="temp-pre">
        <source uri="faust://bibliography/fischer-lamberg1955">S. 162</source>
        <item uri="faust://document/fischer_lamberg/2_III_H.30_1"/>
        <item uri="faust://document/fischer_lamberg/2_III_H.30_2"/>
        <item uri="faust://document/faustedition/2_III_H.26"/>
        <item uri="faust://document/faustedition/2_III_H.1"/>
        <item uri="faust://document/wa/2_III_H.2"/>
        <item uri="faust://document/wa/2_III_H.III"/>
        <item uri="faust://document/faustedition/2_H"/>
    </relation>
    
    <relation name="temp-pre">
        <source uri="faust://bibliography/fischer-lamberg1955">S. 162</source>
        <item uri="faust://document/faustedition/2_III_H.31"/>
        <item uri="faust://document/faustedition/2_III_H.1"/>
        <item uri="faust://document/wa/2_III_H.2"/>
        <item uri="faust://document/wa/2_III_H.III"/>
        <item uri="faust://document/faustedition/2_H"/>
    </relation>
    
    
    <relation name="temp-pre">
        <source uri="faust://bibliography/fischer-lamberg1955">S. 162</source>
        <item uri="faust://document/fischer_lamberg/2_III_H.30_1"/>
        <item uri="faust://document/faustedition/2_III_H.32"/>
        <item uri="faust://document/faustedition/2_III_H.31"/>
        <item uri="faust://document/faustedition/2_III_H.1"/>
        <item uri="faust://document/wa/2_III_H.2"/>
        <item uri="faust://document/wa/2_III_H.III"/>
        <item uri="faust://document/faustedition/2_H"/>
    </relation>
    
    
    
    <relation name="temp-pre">
        <source uri="faust://bibliography/fischer-lamberg1955">S. 162</source>
        <item uri="faust://document/faustedition/2_III_H.33"/>
        <item uri="faust://document/faustedition/2_III_H.31"/>
        <item uri="faust://document/faustedition/2_III_H.1"/>
        <item uri="faust://document/wa/2_III_H.2"/>
        <item uri="faust://document/wa/2_III_H.III"/>
        <item uri="faust://document/faustedition/2_H"/>
    </relation>
    
    
    
    <relation name="temp-pre">
        <source uri="faust://bibliography/fischer-lamberg1955">S. 162</source>
        <item uri="faust://document/fischer_lamberg/2_III_H.30_1"/>
        <item uri="faust://document/faustedition/2_III_H.32"/>
        <item uri="faust://document/faustedition/2_III_H.33"/>
        <item uri="faust://document/faustedition/2_III_H.1"/>
        <item uri="faust://document/wa/2_III_H.2"/>
        <item uri="faust://document/wa/2_III_H.III"/>
        <item uri="faust://document/faustedition/2_H"/>
    </relation>
    
    
    
    <relation name="temp-pre">
        <source uri="faust://bibliography/fischer-lamberg1955">S. 162</source>
        <item uri="faust://document/faustedition/2_III_H.31"/>
        <item uri="faust://document/fischer_lamberg/2_III_H.30_1"/>
        <item uri="faust://document/faustedition/2_III_H.32"/>
        <item uri="faust://document/faustedition/2_III_H.33"/>
        <item uri="faust://document/faustedition/2_III_H.1"/>
    </relation>
    
    
    
    <relation name="temp-pre">
        <source uri="faust://bibliography/fischer-lamberg1955">S. 162</source><!-- fixme relative Chronologie innerhalb einer Handschrift im Versintervall 9032-9033 -->
        <item uri="faust://document/faustedition/2_III_H.31"/>
        <!--  <item uri="faust://document/wa/2_III_H.2"/> -->
        <item uri="faust://document/faustedition/2_III_H.59"/>
        <item uri="faust://document/faustedition/2_III_H.33a"/>
        <item uri="faust://document/wa/2_III_H.2"/>
        <item uri="faust://document/wa/2_III_H.III"/>
        <item uri="faust://document/faustedition/2_H"/>
    </relation>
    
    <relation name="temp-pre">
        <source uri="faust://bibliography/fischer-lamberg1955">S. 162</source><!-- fixme relative Chronologie innerhalb einer Handschrift im Versintervall 9034-9035 -->
        <item uri="faust://document/faustedition/2_III_H.31"/>
        <!--  <item uri="faust://document/wa/2_III_H.2"/> -->
       
        <item uri="faust://document/faustedition/2_III_H.33a"/>
        <item uri="faust://document/wa/2_III_H.2"/>
        <item uri="faust://document/wa/2_III_H.III"/>
        <item uri="faust://document/faustedition/2_H"/>
    </relation>
    
    <relation name="temp-pre">
        <source uri="faust://bibliography/fischer-lamberg1955">S. 162</source><!-- fixme relative Chronologie innerhalb einer Handschrift im Vers 9036 -->
        <item uri="faust://document/faustedition/2_III_H.31"/>
        <!--  <item uri="faust://document/wa/2_III_H.2"/> -->
        <item uri="faust://document/faustedition/2_III_H.59"/>
        <item uri="faust://document/faustedition/2_III_H.33a"/>
        <item uri="faust://document/wa/2_III_H.2"/>
        <item uri="faust://document/wa/2_III_H.III"/>
        <item uri="faust://document/faustedition/2_H"/>
    </relation>
    
   
    
    <relation name="temp-pre">
        <source uri="faust://bibliography/fischer-lamberg1955">S. 162</source> <!-- fixme zwei Schichten H.2 mit zeitlicher Chronologie in gleichem Versintervall 9037-9038 -->
        <item uri="faust://document/faustedition/2_III_H.31"/>
        <item uri="faust://document/faustedition/2_III_H.33"/>
        <item uri="faust://document/faustedition/2_III_H.1"/>
       <item uri="faust://document/wa/2_III_H.2"/> 
        <item uri="faust://document/faustedition/2_III_H.33a"/>
        <item uri="faust://document/wa/2_III_H.2"/>
        <item uri="faust://document/wa/2_III_H.III"/>
        <item uri="faust://document/faustedition/2_H"/>
    </relation>
    
    
    
    <relation name="temp-pre">
        <source uri="faust://bibliography/fischer-lamberg1955">S. 162</source><!-- fixme relative Chronologie innerhalb einer Handschrift im Versintervall 9039-9040 -->
        <item uri="faust://document/faustedition/2_III_H.31"/>
        <!--  <item uri="faust://document/wa/2_III_H.2"/> -->
        <item uri="faust://document/faustedition/2_III_H.59"/>
        <item uri="faust://document/faustedition/2_III_H.33a"/>
        <item uri="faust://document/wa/2_III_H.2"/>
        <item uri="faust://document/wa/2_III_H.III"/>
        <item uri="faust://document/faustedition/2_H"/>
    </relation>
    
    
    <relation name="temp-pre">
        <source uri="faust://bibliography/fischer-lamberg1955">S. 162</source> <!-- fixme zwei Schichten H.2 mit zeitlicher Chronologie in gleichem Vers 9042 -->
        <item uri="faust://document/faustedition/2_III_H.31"/>
        <item uri="faust://document/faustedition/2_III_H.33"/>
        <item uri="faust://document/faustedition/2_III_H.1"/>
        <item uri="faust://document/wa/2_III_H.2"/> 
        
        <item uri="faust://document/wa/2_III_H.2"/>
        <item uri="faust://document/wa/2_III_H.III"/>
        <item uri="faust://document/faustedition/2_H"/>
    </relation>
    
    <relation name="temp-pre">
        <source uri="faust://bibliography/fischer-lamberg1955">S. 162</source><!-- fixme zwei Schichten H.2 mit zeitlicher Chronologie in gleichem Versintervall 9043-9044 -->
        <item uri="faust://document/faustedition/2_III_H.31"/>
        <item uri="faust://document/fischer_lamberg/2_III_H.30_1"/>
        <item uri="faust://document/faustedition/2_III_H.32"/>
        <item uri="faust://document/faustedition/2_III_H.33"/>
        <item uri="faust://document/faustedition/2_III_H.1"/>
        <item uri="faust://document/wa/2_III_H.2"/>
        <item uri="faust://document/wa/2_III_H.2"/>
        <item uri="faust://document/wa/2_III_H.III"/>
        <item uri="faust://document/faustedition/2_H"/>
    </relation>
    
    
    <relation name="temp-pre">
        <source uri="faust://bibliography/fischer-lamberg1955">S. 162</source>
        <item uri="faust://document/fischer_lamberg/2_III_H.30_1"/>
        <item uri="faust://document/faustedition/2_III_H.34"/>
        <item uri="faust://document/faustedition/2_III_H.32"/>
        <item uri="faust://document/faustedition/2_III_H.1"/>
    </relation>
    
    
    
    <relation name="temp-pre">
        <source uri="faust://bibliography/fischer-lamberg1955">S. 163</source>
        <item uri="faust://document/faustedition/2_III_H.1"/>
        <item uri="faust://document/wa/2_III_H.2"/>
        <item uri="faust://document/wa/2_III_H.III"/>
        <item uri="faust://document/faustedition/2_H"/>
    </relation>
    
    
    
    
    <relation name="temp-pre">
        <source uri="faust://bibliography/fischer-lamberg1955">S. 163</source><!-- fixme zwei Schichten H.III mit zeitlicher Chronologie in gleichem Vers 9071 -->
        <item uri="faust://document/faustedition/2_III_H.35"/>
        <item uri="faust://document/faustedition/2_III_H.1"/>
        <item uri="faust://document/wa/2_III_H.2"/>
        <item uri="faust://document/wa/2_III_H.III"/>
        <item uri="faust://document/wa/2_III_H.III"/>
        <item uri="faust://document/faustedition/2_H"/>
    </relation>
    
    <relation name="temp-pre">
        <source uri="faust://bibliography/fischer-lamberg1955">S. 163</source><!-- fixme zwei Schichten H.III mit zeitlicher Chronologie in gleichem Vers 9074-9077 -->
        <item uri="faust://document/faustedition/2_III_H.36"/>
        <item uri="faust://document/faustedition/2_III_H.35"/>
        <item uri="faust://document/faustedition/2_III_H.1"/>
        <item uri="faust://document/wa/2_III_H.2"/>
        <item uri="faust://document/wa/2_III_H.III"/>
        <item uri="faust://document/wa/2_III_H.III"/>
        <item uri="faust://document/faustedition/2_H"/>
    </relation>
    

    
    
    <relation name="temp-pre">
        <source uri="faust://bibliography/fischer-lamberg1955">S. 163</source>
        <item uri="faust://document/faustedition/2_III_H.36"/>
        <item uri="faust://document/faustedition/2_III_H.35"/>
        <item uri="faust://document/faustedition/2_III_H.1"/>
        <item uri="faust://document/fischer_lamberg/2_III_H.22_2"/>
    </relation>
    
    <relation name="temp-pre">
        <source uri="faust://bibliography/fischer-lamberg1955">S. 163</source>
        <item uri="faust://document/faustedition/2_III_H.37"/>
        <item uri="faust://document/faustedition/2_III_H.1"/>
        <item uri="faust://document/wa/2_III_H.2"/>
        <item uri="faust://document/fischer_lamberg/2_III_H.22_2"/>
        <item uri="faust://document/fischer_lamberg/2_III_H.2_a_3"/>
        <item uri="faust://document/wa/2_III_H.III"/>
        <item uri="faust://document/faustedition/2_H"/>
    </relation>
    
    <relation name="temp-pre">
        <source uri="faust://bibliography/fischer-lamberg1955">S. 163</source>
        <item uri="faust://document/faustedition/2_III_H.37"/>
        <item uri="faust://document/faustedition/2_III_H.1"/>
        <item uri="faust://document/wa/2_III_H.2"/>
        <item uri="faust://document/fischer_lamberg/2_III_H.22_3"/>
        <item uri="faust://document/fischer_lamberg/2_III_H.2_a_3"/>
        <item uri="faust://document/wa/2_III_H.III"/>
        <item uri="faust://document/faustedition/2_H"/>
    </relation>
    
    <relation name="temp-pre">
        <source uri="faust://bibliography/fischer-lamberg1955">S. 163</source>
        <item uri="faust://document/faustedition/2_III_H.38"/>
        <item uri="faust://document/faustedition/2_III_H.1"/>
        <item uri="faust://document/wa/2_III_H.2"/>
        <item uri="faust://document/wa/2_III_H.III"/>
        <item uri="faust://document/faustedition/2_H"/>
    </relation>
    
    <relation name="temp-pre">
        <source uri="faust://bibliography/fischer-lamberg1955">S. 163</source>
        <item uri="faust://document/faustedition/2_III_H.39"/>
        <item uri="faust://document/faustedition/2_III_H.1"/>
        <item uri="faust://document/wa/2_III_H.2"/>
        <item uri="faust://document/wa/2_III_H.III"/>
        <item uri="faust://document/faustedition/2_H"/>
    </relation>
    
    
    <relation name="temp-pre">
        <source uri="faust://bibliography/fischer-lamberg1955">S. 163</source>
        <item uri="faust://document/faustedition/2_III_H.40"/>
        <item uri="faust://document/faustedition/2_III_H.1"/>
        <item uri="faust://document/wa/2_III_H.2"/>
        <item uri="faust://document/wa/2_III_H.III"/>
        <item uri="faust://document/faustedition/2_H"/>
    </relation>
    
    
    <relation name="temp-pre">
        <source uri="faust://bibliography/fischer-lamberg1955">S. 163</source>
        <item uri="faust://document/faustedition/2_III_H.37"/>
        <item uri="faust://document/faustedition/2_III_H.41"/>
        <item uri="faust://document/faustedition/2_III_H.1"/>
    </relation>
    
    
    <relation name="temp-pre">
        <source uri="faust://bibliography/fischer-lamberg1955">S. 163</source>
        <item uri="faust://document/faustedition/2_III_H.41"/>
        <item uri="faust://document/faustedition/2_III_H.38"/>
    </relation>
    
    
    <relation name="temp-pre">
        <source uri="faust://bibliography/fischer-lamberg1955">S. 163</source>
        <item uri="faust://document/faustedition/2_III_H.42"/>
        <item uri="faust://document/faustedition/2_III_H.37"/>
        <item uri="faust://document/faustedition/2_III_H.1"/>
    </relation>
    
    
    
    <relation name="temp-pre">
        <source uri="faust://bibliography/fischer-lamberg1955">S. 163</source>
        <item uri="faust://document/faustedition/2_III_H.43"/>
        <item uri="faust://document/wa/2_III_H.2"/>
        <item uri="faust://document/fischer_lamberg/2_III_H.22_3"/>
        <item uri="faust://document/wa/2_III_H.III"/>
        <item uri="faust://document/faustedition/2_H"/>
    </relation>
    
    
    
    <relation name="temp-pre">
        <source uri="faust://bibliography/fischer-lamberg1955">S. 163</source>
        <item uri="faust://document/faustedition/2_III_H.37"/>
        <item uri="faust://document/faustedition/2_III_H.44"/>
        <item uri="faust://document/faustedition/2_III_H.44a"/>
        <item uri="faust://document/faustedition/2_III_H.1"/>
        <item uri="faust://document/wa/2_III_H.2"/>
        <item uri="faust://document/wa/2_III_H.III"/>
        <item uri="faust://document/faustedition/2_H"/>
    </relation>
    
    
    
    
    <relation name="temp-pre">
        <source uri="faust://bibliography/fischer-lamberg1955">S. 164</source>
        <item uri="faust://document/faustedition/2_III_H.45"/>
        <item uri="faust://document/wa/2_III_H.2"/>
        <item uri="faust://document/wa/2_III_H.III"/>
        <item uri="faust://document/faustedition/2_H"/>
    </relation>
    
    
    
    
    <relation name="temp-pre">
        <source uri="faust://bibliography/fischer-lamberg1955">S. 164</source>
        <item uri="faust://document/faustedition/2_III_H.42"/>
        <item uri="faust://document/faustedition/2_III_H.45"/>
        <item uri="faust://document/wa/2_III_H.2"/>
    </relation>
    
    
    
    
    <relation name="temp-pre">
        <source uri="faust://bibliography/fischer-lamberg1955">S. 164</source>
        <item uri="faust://document/faustedition/2_III_H.46"/>
        <item uri="faust://document/wa/2_III_H.2"/>
        
    </relation>
    
    
    
    
    <relation name="temp-pre">
        <source uri="faust://bibliography/fischer-lamberg1955">S. 164</source>
        <item uri="faust://document/faustedition/2_III_H.46b"/>
        <item uri="faust://document/faustedition/2_III_H.46"/>
        <item uri="faust://document/wa/2_III_H.2"/>
    </relation>
    
    
    <relation name="temp-pre">
        <source uri="faust://bibliography/fischer-lamberg1955">S. 164</source>
        <item uri="faust://document/faustedition/2_III_H.47"/>
        <item uri="faust://document/faustedition/2_III_H.46"/>
        <item uri="faust://document/wa/2_III_H.2"/>
    </relation>
    
    
    <relation name="temp-pre">
        <source uri="faust://bibliography/fischer-lamberg1955">S. 164</source>
        <item uri="faust://document/faustedition/2_III_H.48"/>
        <item uri="faust://document/wa/2_III_H.2"/>
    </relation>
    
    
    <relation name="temp-pre">
        <source uri="faust://bibliography/fischer-lamberg1955">S. 164</source>
        <item uri="faust://document/faustedition/2_III_H.47"/>
        <item uri="faust://document/faustedition/2_III_H.46"/>
        <item uri="faust://document/wa/2_III_H.2"/>
    </relation>
    
    
    
    <relation name="temp-pre">
        <source uri="faust://bibliography/fischer-lamberg1955">S. 164</source>
        <item uri="faust://document/faustedition/2_III_H.48"/>
        <item uri="faust://document/wa/2_III_H.2"/>
    </relation>
    
    
    <relation name="temp-pre">
        <source uri="faust://bibliography/fischer-lamberg1955">S. 164</source>
        <item uri="faust://document/faustedition/2_III_H.48a"/>
           <item uri="faust://document/wa/2_III_H.2"/>
        
    </relation>
    
    <relation name="temp-pre">
        <source uri="faust://bibliography/fischer-lamberg1955">S. 164</source><!-- fixme zwei Schichten H.2 mit zeitlicher Chronologie in gleichem Versintervall 9385-9394 -->
        <item uri="faust://document/faustedition/2_III_H.49"/>
      <item uri="faust://document/wa/2_III_H.2"/> 
        <item uri="faust://document/fischer_lamberg/2_III_H.22_4"/>
        <item uri="faust://document/faustedition/2_III_H.7_4"/>
        <item uri="faust://document/wa/2_III_H.2"/>
        <item uri="faust://document/wa/2_III_H.III"/>
        
    </relation>
        
    
    
    <relation name="temp-pre">
        <source uri="faust://bibliography/fischer-lamberg1955">S. 164</source><!-- fixme relative Chronologie innerhalb einer Handschrift im Versintervall 9395 -->
        <!-- <item uri="faust://document/wa/2_III_H.2"/> -->
        <item uri="faust://document/faustedition/2_III_H.7_4"/>
        <item uri="faust://document/wa/2_III_H.2"/>
        <item uri="faust://document/wa/2_III_H.III"/>
        
    </relation>
    
    <relation name="temp-pre">
        <source uri="faust://bibliography/fischer-lamberg1955">S. 164</source><!-- fixme zwei Schichten H.2 mit zeitlicher Chronologie in gleichem Versintervall 9396-9397 -->
        <item uri="faust://document/faustedition/2_III_H.49"/>
        <item uri="faust://document/wa/2_III_H.2"/> 
        <item uri="faust://document/fischer_lamberg/2_III_H.22_4"/>
        <item uri="faust://document/faustedition/2_III_H.7_4"/>
        <item uri="faust://document/wa/2_III_H.2"/>
        <item uri="faust://document/wa/2_III_H.III"/>
        
    </relation>
    
    <relation name="temp-pre">
        <source uri="faust://bibliography/fischer-lamberg1955">S. 164</source><!-- fixme relative Chronologie innerhalb einer Handschrift im Vers 9398 -->
        <!-- <item uri="faust://document/wa/2_III_H.2"/> -->
        <item uri="faust://document/faustedition/2_III_H.7_4"/>
        <item uri="faust://document/wa/2_III_H.2"/>
        <item uri="faust://document/wa/2_III_H.III"/>
        
    </relation>
    
    <relation name="temp-pre">
        <source uri="faust://bibliography/fischer-lamberg1955">S. 164</source><!-- fixme zwei Schichten H.2 mit zeitlicher Chronologie in gleichem Versintervall 9399-9400 -->
        <item uri="faust://document/faustedition/2_III_H.49"/>
        <item uri="faust://document/wa/2_III_H.2"/> 
        <item uri="faust://document/fischer_lamberg/2_III_H.22_4"/>
        <item uri="faust://document/faustedition/2_III_H.7_4"/>
        <item uri="faust://document/wa/2_III_H.2"/>
        <item uri="faust://document/wa/2_III_H.III"/>
        
    </relation>
    
    <relation name="temp-pre">
        <source uri="faust://bibliography/fischer-lamberg1955">S. 164</source><!-- fixme zwei Schichten H.2 mit zeitlicher Chronologie in gleichem Versintervall 9401-9410 -->
        <item uri="faust://document/faustedition/2_III_H.50"/>
        <item uri="faust://document/wa/2_III_H.2"/> 
        <item uri="faust://document/fischer_lamberg/2_III_H.22_4"/>
        <item uri="faust://document/faustedition/2_III_H.7_4"/>
        <item uri="faust://document/wa/2_III_H.2"/>
        <item uri="faust://document/wa/2_III_H.III"/>
    </relation>
    
    
    <relation name="temp-pre">
        <source uri="faust://bibliography/fischer-lamberg1955">S. 164</source>
        <item uri="faust://document/faustedition/2_III_H.50a"/>
        <item uri="faust://document/wa/2_III_H.2"/>
    </relation>
    
    
    <relation name="temp-pre">
        <source uri="faust://bibliography/fischer-lamberg1955">S. 164</source>
        <item uri="faust://document/faustedition/2_III_H.50c"/>
        <item uri="faust://document/wa/2_III_H.2"/>
    </relation>
    
    
    <relation name="temp-pre">
        <source uri="faust://bibliography/fischer-lamberg1955">S. 164</source>
        <item uri="faust://document/faustedition/2_III_H.50d"/>
        <item uri="faust://document/faustedition/2_III_H.51"/>
        <item uri="faust://document/wa/2_III_H.2"/>
    </relation>
    
    
    <relation name="temp-pre">
        <source uri="faust://bibliography/fischer-lamberg1955">S. 164</source>
        <item uri="faust://document/faustedition/2_III_H.50d"/>
        <item uri="faust://document/faustedition/2_III_H.50c"/>
        <item uri="faust://document/faustedition/2_III_H.51"/>
        <item uri="faust://document/faustedition/2_III_H.52"/>
        <item uri="faust://document/wa/2_III_H.2"/>
    </relation>
    
    
    <relation name="temp-pre">
        <source uri="faust://bibliography/fischer-lamberg1955">S. 164</source>
        <item uri="faust://document/faustedition/2_III_H.50c"/>
        <item uri="faust://document/faustedition/2_III_H.53"/>
        <item uri="faust://document/faustedition/2_III_H.52"/>
        <item uri="faust://document/wa/2_III_H.2"/>
    </relation>
    
    
    
    
    <relation name="temp-pre">
        <source uri="faust://bibliography/fischer-lamberg1955">S. 164</source><!-- fixme zwei Schichten H.c mit zeitlicher Chronologie in gleichem Versintervall 9471-9472 -->
        <item uri="faust://document/faustedition/2_III_H.50d"/>
        <item uri="faust://document/faustedition/2_III_H.50c"/>
        <item uri="faust://document/faustedition/2_III_H.50c"/>
       
        <item uri="faust://document/faustedition/2_III_H.52"/>
        <item uri="faust://document/wa/2_III_H.2"/>
    </relation>
    
    
    <relation name="temp-pre">
        <source uri="faust://bibliography/fischer-lamberg1955">S. 164</source><!-- fixme zwei Schichten H.c mit zeitlicher Chronologie in gleichem Versintervall 9476-9477 -->
        <item uri="faust://document/faustedition/2_III_H.50d"/>
        <item uri="faust://document/faustedition/2_III_H.50c"/>
        <item uri="faust://document/faustedition/2_III_H.50c"/>
        
        <item uri="faust://document/faustedition/2_III_H.53"/>
        <item uri="faust://document/faustedition/2_III_H.52"/>
        <item uri="faust://document/wa/2_III_H.2"/>
    </relation>
    <relation name="temp-pre">
        <source uri="faust://bibliography/fischer-lamberg1955">S. 164</source><!-- fixme relative Chronologie innerhalb einer Handschrift im Szenar n. 9481 -->
        <!--   <item uri="faust://document/wa/2_III_H.2"/> -->
        <item uri="faust://document/wa/2_III_H.2_alpha"/>
        <item uri="faust://document/wa/2_III_H.2"/>
        <item uri="faust://document/wa/2_III_H.III"/>
    </relation>
    
    <relation name="temp-pre">
        <source uri="faust://bibliography/fischer-lamberg1955">S. 164</source><!-- fixme zwei Schichten H.2 mit zeitlicher Chronologie in gleichem Versintervall 9482-9485 -->
        <item uri="faust://document/faustedition/2_III_H.55"/>
        <item uri="faust://document/faustedition/2_III_H.56"/>
       <item uri="faust://document/wa/2_III_H.2"/> 
        <item uri="faust://document/fischer_lamberg/2_III_H.22_1"/>
        <item uri="faust://document/wa/2_III_H.2"/>
        <item uri="faust://document/wa/2_III_H.III"/>
    </relation>
    
    <relation name="temp-pre">
        <source uri="faust://bibliography/fischer-lamberg1955">S. 164</source><!-- fixme zwei Schichten H.2 mit zeitlicher Chronologie in gleichem Versintervall 9486-9487 -->

        <item uri="faust://document/faustedition/2_III_H.56"/>
        <item uri="faust://document/wa/2_III_H.2"/> 
        <item uri="faust://document/fischer_lamberg/2_III_H.22_1"/>
        <item uri="faust://document/wa/2_III_H.2"/>
        <item uri="faust://document/wa/2_III_H.III"/>
    </relation>

    <relation name="temp-pre">
        <source uri="faust://bibliography/fischer-lamberg1955">S. 164</source><!-- fixme zwei Schichten H.2 mit zeitlicher Chronologie in gleichem Versintervall 9488-9494 -->
        <item uri="faust://document/faustedition/2_III_H.55"/>
        <item uri="faust://document/faustedition/2_III_H.56"/>
        <item uri="faust://document/wa/2_III_H.2"/> 
        <item uri="faust://document/fischer_lamberg/2_III_H.22_1"/>
        <item uri="faust://document/wa/2_III_H.2"/>
        <item uri="faust://document/wa/2_III_H.III"/>
    </relation>
    
    <relation name="temp-pre">
        <source uri="faust://bibliography/fischer-lamberg1955">S. 164</source><!-- fixme zwei Schichten H.2 mit zeitlicher Chronologie in gleichem Versintervall 9496-9497 -->
        <item uri="faust://document/faustedition/2_III_H.55"/>
        <item uri="faust://document/faustedition/2_III_H.56"/>
        <item uri="faust://document/wa/2_III_H.2"/> 
        <item uri="faust://document/fischer_lamberg/2_III_H.22_1"/>
        <item uri="faust://document/wa/2_III_H.2"/>
        <item uri="faust://document/wa/2_III_H.III"/>
    </relation>
    
    
    <relation name="temp-pre">
        <source uri="faust://bibliography/fischer-lamberg1955">S. 164</source><!-- fixme zwei Schichten H.2 mit zeitlicher Chronologie in gleichem Versintervall 9499-9505 -->
        <item uri="faust://document/faustedition/2_III_H.55"/>
        <item uri="faust://document/faustedition/2_III_H.56"/>
        <item uri="faust://document/wa/2_III_H.2"/> 
        <item uri="faust://document/fischer_lamberg/2_III_H.22_1"/>
        <item uri="faust://document/wa/2_III_H.2"/>
        <item uri="faust://document/wa/2_III_H.III"/>
    </relation>
    
    
    <relation name="temp-pre">
        <source uri="faust://bibliography/fischer-lamberg1955">S. 165</source>
        <item uri="faust://document/faustedition/2_III_H.57"/>
        <item uri="faust://document/fischer_lamberg/2_III_H.58_a"/>
        <item uri="faust://document/faustedition/2_III_H.58"/>
        <item uri="faust://document/wa/2_III_H.2"/>
    </relation>
    
    
    <relation name="temp-pre">
        <source uri="faust://bibliography/fischer-lamberg1955">S. 165</source>
        <item uri="faust://document/faustedition/2_III_H.59"/>
        <item uri="faust://document/faustedition/2_III_H.59a"/>
        <item uri="faust://document/wa/2_III_H.2"/>
    </relation>
    
    
    <relation name="temp-pre">
        <source uri="faust://bibliography/fischer-lamberg1955">S. 165</source>
        <item uri="faust://document/faustedition/2_III_H.57"/>
        <item uri="faust://document/faustedition/2_III_H.59"/>
        <item uri="faust://document/faustedition/2_III_H.59a"/>
        <item uri="faust://document/wa/2_III_H.2"/>
    </relation>
    
    
    <relation name="temp-pre">
        <source uri="faust://bibliography/fischer-lamberg1955">S. 165</source>
        <item uri="faust://document/faustedition/2_III_H.59b"/>
        <item uri="faust://document/fischer_lamberg/2_III_H.59_a"/>
        <item uri="faust://document/wa/2_III_H.2"/>
    </relation>
    
    
   
    
    
    <relation name="temp-pre">
        <source uri="faust://bibliography/fischer-lamberg1955">S. 165</source>
        <item uri="faust://document/faustedition/2_III_H.57"/>
        <item uri="faust://document/faustedition/2_III_H.59b"/>
        <item uri="faust://document/fischer_lamberg/2_III_H.59_a"/>
        <item uri="faust://document/wa/2_III_H.2"/>
        
    </relation>
    
    
    <relation name="temp-pre">
        <source uri="faust://bibliography/fischer-lamberg1955">S. 165</source>
        <item uri="faust://document/faustedition/2_III_H.57"/>
        <item uri="faust://document/fischer_lamberg/2_III_H.58_a"/>
        <item uri="faust://document/faustedition/2_III_H.59b"/>
        <item uri="faust://document/fischer_lamberg/2_III_H.59_a"/>
        <item uri="faust://document/wa/2_III_H.2"/>
    </relation>
    
    <relation name="temp-pre">
        <source uri="faust://bibliography/fischer-lamberg1955">S. 165</source>
        <item uri="faust://document/faustedition/2_III_H.59"/>
        <item uri="faust://document/fischer_lamberg/2_III_H.59_a"/>
        <item uri="faust://document/wa/2_III_H.2"/>
    </relation>
    
    <relation name="temp-pre">
        <source uri="faust://bibliography/fischer-lamberg1955">S. 165</source>
        <item uri="faust://document/fischer_lamberg/2_III_H.58_a"/>
        <item uri="faust://document/faustedition/2_III_H.59"/>
        <item uri="faust://document/fischer_lamberg/2_III_H.59_a"/>
        <item uri="faust://document/wa/2_III_H.2"/>
    </relation>
    
    
    <relation name="temp-pre">
        <source uri="faust://bibliography/fischer-lamberg1955">S. 165</source><!-- fixme zwei Schichten H.2 mit zeitlicher Chronologie in gleichem Versintervall 9574-9580 -->
        <item uri="faust://document/faustedition/2_III_H.59"/>
   <item uri="faust://document/wa/2_III_H.2"/> 
        <item uri="faust://document/faustedition/2_III_H.60"/>
        <item uri="faust://document/faustedition/2_III_H.61"/>
        <item uri="faust://document/wa/2_III_H.2"/>
        <item uri="faust://document/wa/2_III_H.III"/>
    </relation>
    
    <relation name="temp-pre">
        <source uri="faust://bibliography/fischer-lamberg1955">S. 165</source>
        <item uri="faust://document/faustedition/2_III_H.60"/>
        <item uri="faust://document/faustedition/2_III_H.61"/>
        <item uri="faust://document/wa/2_III_H.2"/>
        <item uri="faust://document/wa/2_III_H.III"/>
        <item uri="faust://document/faustedition/2_III_H.62"/>
        <item uri="faust://document/faustedition/2_H"/>
    </relation>
    
    <relation name="temp-pre">
        <source uri="faust://bibliography/fischer-lamberg1955">S. 165</source>
        <item uri="faust://document/faustedition/2_III_H.60"/>
        <item uri="faust://document/faustedition/2_III_H.63"/>
        <item uri="faust://document/wa/2_III_H.2"/>
    </relation>
    
    
    <relation name="temp-pre">
        <source uri="faust://bibliography/fischer-lamberg1955">S. 165</source>
        <item uri="faust://document/faustedition/2_III_H.60"/>
        <item uri="faust://document/faustedition/2_III_H.64"/>
        <item uri="faust://document/faustedition/2_III_H.63"/>
        <item uri="faust://document/wa/2_III_H.2"/>
        <item uri="faust://document/wa/2_III_H.III"/>
        <item uri="faust://document/faustedition/2_III_H.62"/>
        <item uri="faust://document/faustedition/2_H"/>
    </relation>
    
    
    <relation name="temp-pre">
        <source uri="faust://bibliography/fischer-lamberg1955">S. 165</source><!-- fixme zwei Schichten H.2 mit zeitlicher Chronologie in gleichem Versintervall 9629-9637 -->
        <item uri="faust://document/faustedition/2_III_H.49"/>
        <item uri="faust://document/fischer_lamberg/2_III_H.49_a"/>
        <item uri="faust://document/wa/2_III_H.2"/>
        <item uri="faust://document/fischer_lamberg/2_III_H.22_5"/>
        <item uri="faust://document/wa/2_III_H.2"/>
        <item uri="faust://document/wa/2_III_H.III"/>
        <item uri="faust://document/faustedition/2_H"/>
    </relation>
    
    <relation name="temp-pre">
        <source uri="faust://bibliography/fischer-lamberg1955">S. 165</source><!-- fixme zwei Schichten H.2 mit zeitlicher Chronologie in gleichem Versintervall 9639-9642 -->
        <item uri="faust://document/faustedition/2_III_H.49"/>
        <item uri="faust://document/fischer_lamberg/2_III_H.49_a"/>
        <item uri="faust://document/wa/2_III_H.2"/>
        <item uri="faust://document/fischer_lamberg/2_III_H.22_5"/>
        <item uri="faust://document/wa/2_III_H.2"/>
        <item uri="faust://document/wa/2_III_H.III"/>
        <item uri="faust://document/faustedition/2_H"/>
    </relation>
    
    <relation name="temp-pre">
        <source uri="faust://bibliography/fischer-lamberg1955">S. 165</source><!-- fixme zwei Schichten H.2 mit zeitlicher Chronologie in gleichem Vers 9644 -->
        <item uri="faust://document/faustedition/2_III_H.49"/>
        <item uri="faust://document/fischer_lamberg/2_III_H.49_a"/>
        <item uri="faust://document/wa/2_III_H.2"/>
        <item uri="faust://document/fischer_lamberg/2_III_H.22_5"/>
        <item uri="faust://document/wa/2_III_H.2"/>
        <item uri="faust://document/wa/2_III_H.III"/>
        <item uri="faust://document/faustedition/2_H"/>
    </relation>
    <relation name="temp-pre">
        <source uri="faust://bibliography/fischer-lamberg1955">S. 165</source><!-- fixme zwei Schichten H.2 mit zeitlicher Chronologie in gleichem Versintervall 9645-9674 -->
        <item uri="faust://document/faustedition/2_III_H.27"/>
        <item uri="faust://document/fischer_lamberg/2_III_H.49_a"/>
        <item uri="faust://document/wa/2_III_H.2"/> 
        <item uri="faust://document/fischer_lamberg/2_III_H.22_5"/>
        <item uri="faust://document/wa/2_III_H.2"/>
    </relation>
    
    <relation name="temp-pre">
        <source uri="faust://bibliography/fischer-lamberg1955">S. 165</source><!-- fixme zwei Schichten H.2 mit zeitlicher Chronologie in gleichem Versintervall 9675-9678 -->
        <item uri="faust://document/faustedition/2_III_H.27"/>
        <item uri="faust://document/fischer_lamberg/2_III_H.49_a"/>
        <item uri="faust://document/wa/2_III_H.2"/> 
        <item uri="faust://document/fischer_lamberg/2_III_H.22_5"/>
        <item uri="faust://document/wa/2_III_H.2"/>
    </relation> 
    
    <relation name="temp-pre">
        <source uri="faust://bibliography/fischer-lamberg1955">S. 165</source>
        <item uri="faust://document/faustedition/2_III_H.66"/>
        <item uri="faust://document/faustedition/2_III_H.66a"/>
        <item uri="faust://document/wa/2_III_H.2"/>
    </relation>
    
    
    <relation name="temp-pre">
        <source uri="faust://bibliography/fischer-lamberg1955">S. 165</source>
        <item uri="faust://document/faustedition/2_III_H.66"/>
        <item uri="faust://document/faustedition/2_III_H.65"/>
        <item uri="faust://document/faustedition/2_III_H.66a"/>
        <item uri="faust://document/wa/2_III_H.2"/>
    </relation>
    
    
    <relation name="temp-pre">
        <source uri="faust://bibliography/fischer-lamberg1955">S. 165</source>
        <item uri="faust://document/faustedition/2_III_H.67"/>
        <item uri="faust://document/wa/2_III_H.2"/>
    </relation>
    
    
    <relation name="temp-pre">
        <source uri="faust://bibliography/fischer-lamberg1955">S. 166</source>
        <item uri="faust://document/wa/2_III_H.2"/>
        <item uri="faust://document/wa/2_III_H.III"/>
        <item uri="faust://document/faustedition/2_H"/>
    </relation>
    
    
    
    <relation name="temp-pre">
        <source uri="faust://bibliography/fischer-lamberg1955">S. 166</source><!-- fixme relative Chronologie innerhalb einer Handschrift im Versintervall 9767-9793 -->
        <!--  <item uri="faust://document/wa/2_III_H.2"/> -->
        <item uri="faust://document/faustedition/2_III_H.68"/>
        <item uri="faust://document/faustedition/2_III_H.69"/>
        <item uri="faust://document/wa/2_III_H.2"/>
        <item uri="faust://document/wa/2_III_H.III"/>
        <item uri="faust://document/faustedition/2_H"/>
    </relation>
    
    <relation name="temp-pre">
        <source uri="faust://bibliography/fischer-lamberg1955">S. 166</source><!-- fixme relative Chronologie innerhalb einer Handschrift im Versintervall 9794-9810 -->
        <!--  <item uri="faust://document/wa/2_III_H.2"/> -->
        <item uri="faust://document/faustedition/2_III_H.68"/>
      
        <item uri="faust://document/wa/2_III_H.2"/>
        <item uri="faust://document/wa/2_III_H.III"/>
        <item uri="faust://document/faustedition/2_H"/>
    </relation>
    
    <relation name="temp-pre">
        <source uri="faust://bibliography/fischer-lamberg1955">S. 166</source>
        <item uri="faust://document/wa/2_III_H.2"/>
        <item uri="faust://document/wa/2_III_H.III"/>
        <item uri="faust://document/faustedition/2_H"/>
        <item uri="faust://document/fischer_lamberg/2_III_H.69_a"/>
    </relation>
    
    
    
    
    <relation name="temp-pre">
        <source uri="faust://bibliography/fischer-lamberg1955">S. 166</source>
        <item uri="faust://document/faustedition/2_III_H.70"/>
        <item uri="faust://document/wa/2_III_H.2"/>
    </relation>
    
    
    
    
    <relation name="temp-pre">
        <source uri="faust://bibliography/fischer-lamberg1955">S. 166</source><!-- fixme zwei Schichten H.2 mit zeitlicher Chronologie in gleichem Versintervall 9903-9906 -->
        <item uri="faust://document/faustedition/2_III_H.71"/>
     <item uri="faust://document/wa/2_III_H.2"/> 
        <item uri="faust://document/faustedition/2_III_H.72"/>
        <item uri="faust://document/wa/2_III_H.2"/>
    </relation>
    
    
    
    
    <relation name="temp-pre">
        <source uri="faust://bibliography/fischer-lamberg1955">S. 166</source><!-- fixme relative Chronologie innerhalb einer Handschrift im Versintervall 9907-99914 -->
        <!-- <item uri="faust://document/wa/2_III_H.2"/> -->
        <item uri="faust://document/faustedition/2_III_H.70"/>
        <item uri="faust://document/faustedition/2_III_H.72"/>
        <item uri="faust://document/wa/2_III_H.2"/>
        <item uri="faust://document/wa/2_III_H.III"/>
        <item uri="faust://document/faustedition/2_H"/>
    </relation>
    
    
    
    
    <relation name="temp-pre">
        <source uri="faust://bibliography/fischer-lamberg1955">S. 166</source><!-- fixme zwei Schichten H.70 mit zeitlicher Chronologie in gleichem Versintervall 9915-9918 -->
        <!-- <item uri="faust://document/wa/2_III_H.2"/> -->
        <item uri="faust://document/faustedition/2_III_H.70"/>
        <item uri="faust://document/faustedition/2_III_H.70"/>
        <item uri="faust://document/wa/2_III_H.2"/>
    </relation>
    
    <relation name="temp-pre">
        <source uri="faust://bibliography/fischer-lamberg1955">S. 166</source><!-- fixme zwei Schichten H.70 mit zeitlicher Chronologie in gleichem Versintervall 9919-9927 -->
        <!-- <item uri="faust://document/wa/2_III_H.2"/> -->
        <item uri="faust://document/faustedition/2_III_H.70"/>
        <item uri="faust://document/faustedition/2_III_H.70"/>
        <item uri="faust://document/wa/2_III_H.2"/>
    </relation>
    
    <relation name="temp-pre">
        <source uri="faust://bibliography/fischer-lamberg1955">S. 166</source><!-- fixme relative Chronologie innerhalb einer Handschrift im Vers 9928 -->
        <!-- <item uri="faust://document/wa/2_III_H.2"/> -->

        <item uri="faust://document/faustedition/2_III_H.70"/>
        
        <item uri="faust://document/wa/2_III_H.2"/>
    </relation>
    
    <relation name="temp-pre">
        <source uri="faust://bibliography/fischer-lamberg1955">S. 166</source><!-- fixme zwei Schichten H.70 mit zeitlicher Chronologie in gleichem Versintervall 9929-9938 -->
        <!-- <item uri="faust://document/wa/2_III_H.2"/> -->
        <item uri="faust://document/faustedition/2_III_H.70"/>
        <item uri="faust://document/faustedition/2_III_H.70"/>
        <item uri="faust://document/wa/2_III_H.2"/>
    </relation>

    
    
    
    
    <relation name="temp-pre">
        <source uri="faust://bibliography/fischer-lamberg1955">S. 166</source><!-- fixme relative Chronologie innerhalb einer Handschrift im Versintervall 9939-9940 -->
        <!--   <item uri="faust://document/wa/2_III_H.III"/> -->
        <item uri="faust://document/faustedition/2_III_H.73"/>
        <item uri="faust://document/faustedition/2_III_H.74"/>
        <item uri="faust://document/wa/2_III_H.III"/>
        <!--   <item uri="faust://document/wa/2_III_H"/> -->
        <item uri="faust://document/faustedition/2_III_H.75"/>
        <item uri="faust://document/fischer_lamberg/2_III_H.75_a"/>
        <item uri="faust://document/faustedition/2_H"/>
    </relation>
    
   
    
    
    <relation name="temp-pre">
        <source uri="faust://bibliography/fischer-lamberg1955">S. 166</source><!-- fixme zwei Schichten H.76 mit zeitlicher Chronologie in gleichem Vers 9941 -->
        <!--  <item uri="faust://document/wa/2_III_H.2"/> -->
        <item uri="faust://document/faustedition/2_III_H.76"/>
        <item uri="faust://document/faustedition/2_III_H.76"/>
        <item uri="faust://document/wa/2_III_H.2"/>
        <item uri="faust://document/wa/2_III_H.III"/>
        <item uri="faust://document/faustedition/2_H"/>
        <item uri="faust://document/faustedition/2_III_H.75"/>
        <item uri="faust://document/fischer_lamberg/2_III_H.75_a"/>
        
    </relation>
    
    <relation name="temp-pre">
        <source uri="faust://bibliography/fischer-lamberg1955">S. 166</source><!-- fixme zwei Schichten H.76 mit zeitlicher Chronologie in gleichem Vers 9944 -->
        <!--  <item uri="faust://document/wa/2_III_H.2"/> -->
        <item uri="faust://document/faustedition/2_III_H.76"/>
        <item uri="faust://document/faustedition/2_III_H.76"/>
        <item uri="faust://document/wa/2_III_H.2"/>
        <item uri="faust://document/wa/2_III_H.III"/>
        <item uri="faust://document/faustedition/2_H"/>
        
        
    </relation>
   

    
  
    
    
    
    <relation name="temp-pre">
        <source uri="faust://bibliography/fischer-lamberg1955">S. 166</source>
        <item uri="faust://document/faustedition/2_III_H.77"/>
        <item uri="faust://document/wa/2_III_H.2"/>
        
    </relation>
    
    
    
    
    <relation name="temp-pre">
        <source uri="faust://bibliography/fischer-lamberg1955">S. 166</source><!-- fixme relative Chronologie innerhalb einer Handschrift im Versintervall 9955-9957 -->
        <!--   <item uri="faust://document/wa/2_III_H.2"/> -->
        <item uri="faust://document/faustedition/2_III_H.69"/>
        <item uri="faust://document/wa/2_III_H.2"/>
    </relation>
    
    
    <relation name="temp-pre">
        <source uri="faust://bibliography/fischer-lamberg1955">S. 166</source><!-- fixme zwei Schichten H.2 mit zeitlicher Chronologie in gleichem Vers 9958 -->
        <!--  <item uri="faust://document/wa/2_III_H.2"/> -->
        <item uri="faust://document/faustedition/2_III_H.78"/>
        <item uri="faust://document/wa/2_III_H.2"/>
        <item uri="faust://document/faustedition/2_III_H.69"/>
        <item uri="faust://document/wa/2_III_H.2"/>
        <item uri="faust://document/wa/2_III_H.III"/>
        <item uri="faust://document/faustedition/2_H"/>
        
        
    </relation>
    
    <relation name="temp-pre">
        <source uri="faust://bibliography/fischer-lamberg1955">S. 166</source><!-- fixme zwei Schichten H.2 mit zeitlicher Chronologie in gleichem Vers 9959 -->
        <!--  <item uri="faust://document/wa/2_III_H.2"/> -->
        <item uri="faust://document/faustedition/2_III_H.78"/>
        <item uri="faust://document/wa/2_III_H.2"/>
    
        <item uri="faust://document/wa/2_III_H.2"/>
        <item uri="faust://document/wa/2_III_H.III"/>
        <item uri="faust://document/faustedition/2_H"/>
            </relation>
    
    <relation name="temp-pre">
        <source uri="faust://bibliography/fischer-lamberg1955">S. 166</source><!-- fixme zwei Schichten H.2 mit zeitlicher Chronologie in gleichem Versintervall 9960-9961 -->
        <!--  <item uri="faust://document/wa/2_III_H.2"/> -->
        <item uri="faust://document/faustedition/2_III_H.71"/>
        <item uri="faust://document/faustedition/2_III_H.78"/>
        <item uri="faust://document/wa/2_III_H.2"/>
        
        <item uri="faust://document/wa/2_III_H.2"/>
        <item uri="faust://document/wa/2_III_H.III"/>
        <item uri="faust://document/faustedition/2_H"/>
    </relation>
    
    
    
    
    <relation name="temp-pre">
        <source uri="faust://bibliography/fischer-lamberg1955">S. 166</source>
        <item uri="faust://document/faustedition/2_III_H.78a"/>
        <item uri="faust://document/faustedition/2_III_H.79"/>
        <item uri="faust://document/wa/2_III_H.2"/>
    </relation>
    
    
    
    
    <relation name="temp-pre">
        <source uri="faust://bibliography/fischer-lamberg1955">S. 166</source>
        <item uri="faust://document/faustedition/2_III_H.80"/>
        <item uri="faust://document/wa/2_III_H.2"/>
    </relation>
    
    <relation name="temp-pre">
        <source uri="faust://bibliography/fischer-lamberg1955">S. 166</source>
        <item uri="faust://document/faustedition/2_III_H.57"/>
        <item uri="faust://document/faustedition/2_III_H.81"/>
        <item uri="faust://document/faustedition/2_III_H.81a"/>
        <item uri="faust://document/wa/2_III_H.2"/>
    </relation>
    
    <relation name="temp-pre">
        <source uri="faust://bibliography/fischer-lamberg1955">S. 166</source>
        <item uri="faust://document/faustedition/2_III_H.57"/>
        <item uri="faust://document/faustedition/2_III_H.81"/>
        <item uri="faust://document/faustedition/2_III_H.59"/>
        <item uri="faust://document/wa/2_III_H.2"/>
    </relation>
    
    <relation name="temp-pre">
        <source uri="faust://bibliography/fischer-lamberg1955">S. 166</source>
        <item uri="faust://document/faustedition/2_III_H.81"/>
        <item uri="faust://document/faustedition/2_III_H.80"/>
        <item uri="faust://document/wa/2_III_H.2"/>
    </relation>
    
    <relation name="temp-pre">
        <source uri="faust://bibliography/fischer-lamberg1955">S. 166</source>
        <item uri="faust://document/faustedition/2_III_H.66"/>
        <item uri="faust://document/wa/2_III_H.2"/>
    </relation>
    
    
    
    
    <relation name="temp-pre">
        <source uri="faust://bibliography/fischer-lamberg1955">S. 166</source>
        <item uri="faust://document/faustedition/2_III_H.66"/>
        <item uri="faust://document/faustedition/2_III_H.81a"/>
        <item uri="faust://document/wa/2_III_H.2"/>
    </relation>
    
    
    <date notBefore="1800-01-01" notAfter="1800-12-31">
        <source uri="faust://bibliography/fischer-lamberg1955">S. 74</source><comment>"[...] daß die Helena-Dichtung von 1800 die Verse 8489-8515, 8524-8559, 8569-8584, 8638-8802 umfaßte."</comment>
        <item uri="faust://document/faustedition/2_III_H.1"/>
    </date>
    
    <date notBefore="1825-02-25" notAfter="1825-04-05">
        <source uri="faust://bibliography/fischer-lamberg1955">S. 74, 75</source><comment>"in diesem Stadium liße Goethe die Dichtung liegen, um sie 1825 wieder aufzunehmen, als er am 25. Februar dieses Jahres [...] wieder an das Werk herangeführt wurde. [...]. [...] bis zum 5. April fast täglich [...]"."</comment>
        <item uri="faust://document/faustedition/2_III_H.1"/>
    </date>
    
    <date notAfter="1825-04-05">
        <source uri="faust://bibliography/fischer-lamberg1955">S. 79, 160. 161</source>
        <item uri="faust://document/wa/2_III_H.2"/>
    </date>
    
    <date notBefore="1826-03-12">
        <source uri="faust://bibliography/fischer-lamberg1955">S. 79, 164, 165</source>
        <item uri="faust://document/wa/2_III_H.2"/>
    </date>
    
    <date notAfter="1826-06-10">
        <source uri="faust://bibliography/fischer-lamberg1955">S. 81</source><comment>""John endigte das Mundum der Helena" heißt es am 10.6.1826 im Tagebuch und dazu stimmt einigermaßen das auf dem letzten Blatt von HIII vermerkte Datum: 9. Jun. 1826."</comment>
        <item uri="faust://document/wa/2_III_H.III"/>
    </date>
    
    <date notBefore="1826-08-13" notAfter="1826-09-02">
        <source uri="faust://bibliography/fischer-lamberg1955">S. 82</source>
        <item uri="faust://document/faustedition/2_H"/>
    </date>
    
    
    <date when="1826-04-22">
        <source uri="faust://bibliography/fischer-lamberg1955">S. 83</source><comment>+-</comment>
        <item uri="faust://document/fischer_lamberg/2_III_H.2_a_3"/>
    </date>
    
    <date when="1826-04-22">
        <source uri="faust://bibliography/fischer-lamberg1955">S. 83</source><comment>+-</comment>
        <item uri="faust://document/fischer_lamberg/2_III_H.2_a_4"/>
    </date>
    
    <date notAfter="1826-06-24">
        <source uri="faust://bibliography/fischer-lamberg1955">S. 85, 160</source>
        <item uri="faust://document/faustedition/2_III_H.3"/>
    </date>
    
    <date notBefore="1826-06-13">
        <source uri="faust://bibliography/fischer-lamberg1955">S. 86, 160</source>
        <item uri="faust://document/faustedition/2_III_H.4"/>
    </date>
    
  
    
    <date notBefore="1822-09-30">
        <source uri="faust://bibliography/fischer-lamberg1955">S. 74, 87</source><comment>"[...] 1825 anzusetzen [...]" S. 87</comment>
        <item uri="faust://document/wa/2_III_H.6"/>
    </date>
    
    <date when="1826-05-18">
        <source uri="faust://bibliography/fischer-lamberg1955">S. 88</source><comment>+-</comment>
        <item uri="faust://document/faustedition/2_III_H.7_1"/>
    </date>
    
    <date when="1826-04-22">
        <source uri="faust://bibliography/fischer-lamberg1955">S. 84, 85, 88, 161</source><comment>+-</comment>
        <item uri="faust://document/faustedition/2_III_H.7_3"/>
    </date>
    
    <date when="1826-05-09">
        <source uri="faust://bibliography/fischer-lamberg1955">S. 89, 164</source><comment>+-</comment>
        <item uri="faust://document/faustedition/2_III_H.7_4"/>
    </date>
    
    
    <date notBefore="1822-09-30">
        <source uri="faust://bibliography/fischer-lamberg1955">S. 93</source>
        <item uri="faust://document/faustedition/2_III_H.15"/>
    </date>
    
    <date notBefore="1822-09-30">
        <source uri="faust://bibliography/fischer-lamberg1955">S. 95, 161</source>
        <item uri="faust://document/faustedition/2_III_H.18"/>
    </date>
    
    <date notBefore="1824-10-03">
        <source uri="faust://bibliography/fischer-lamberg1955">S. 96</source>
        <item uri="faust://document/faustedition/2_III_H.19"/>
    </date>
    
    <date when="1826-04-22">
        <source uri="faust://bibliography/fischer-lamberg1955">S. 97</source><comment>+-</comment>
        <item uri="faust://document/fischer_lamberg/2_III_H.22_1"/>
    </date>
    
    <date when="1826-04-22">
        <source uri="faust://bibliography/fischer-lamberg1955">S. 97</source><comment>+-</comment>
        <item uri="faust://document/fischer_lamberg/2_III_H.22_2"/>
    </date>
    
    <date when="1826-04-22">
        <source uri="faust://bibliography/fischer-lamberg1955">S. 97</source><comment>+-</comment>
        <item uri="faust://document/fischer_lamberg/2_III_H.22_3"/>
    </date>
    <date when="1826-04-22">
        <source uri="faust://bibliography/fischer-lamberg1955">S. 97</source><comment>+-</comment>
        <item uri="faust://document/fischer_lamberg/2_III_H.22_4"/>
    </date>
    
    <date when="1822-09-30">
        <source uri="faust://bibliography/fischer-lamberg1955">S. 97</source>
        <item uri="faust://document/faustedition/2_III_H.23"/>
    </date>
    
    <date notBefore="1825-03-30">
        <source uri="faust://bibliography/fischer-lamberg1955">S. 99</source>
        <item uri="faust://document/faustedition/2_III_H.27"/>
    </date>
    
    <date notBefore="1825-03-30">
        <source uri="faust://bibliography/fischer-lamberg1955">S. 99</source>
        <item uri="faust://document/faustedition/2_III_H.28"/>
    </date>
    <date notBefore="1825-03-30">
        <source uri="faust://bibliography/fischer-lamberg1955">S. 99</source>
        <item uri="faust://document/faustedition/2_III_H.29"/>
    </date>  
    
    <date notBefore="1825-03-09">
        <source uri="faust://bibliography/fischer-lamberg1955">S. 101</source>
        <item uri="faust://document/faustedition/2_III_H.31"/>
    </date>
    
    <date when="1826-05-03">
        <source uri="faust://bibliography/fischer-lamberg1955">S. 103, 162</source><comment>+-</comment><!-- FL spricht plötzlich von H.33, anstelle von H.33_a. Versehen? -->
        <item uri="faust://document/faustedition/2_III_H.33a"/>
    </date>
    
    <date notBefore="1822-09-30">
        <source uri="faust://bibliography/fischer-lamberg1955">S. 104</source>
        <item uri="faust://document/faustedition/2_III_H.35"/>
    </date>
    
    <date notBefore="1825-03-30">
        <source uri="faust://bibliography/fischer-lamberg1955">S. 105</source>
        <item uri="faust://document/faustedition/2_III_H.38"/>
    </date>
    
    <date notBefore="1825-03-30">
        <source uri="faust://bibliography/fischer-lamberg1955">S. 106</source>
        <item uri="faust://document/faustedition/2_III_H.39"/>
    </date>
    
    <date notBefore="1825-03-30">
        <source uri="faust://bibliography/fischer-lamberg1955">S. 106</source>
        <item uri="faust://document/faustedition/2_III_H.40"/>
    </date>
    
    <date notBefore="1824-11-18">
        <source uri="faust://bibliography/fischer-lamberg1955">S. 107</source>
        <item uri="faust://document/faustedition/2_III_H.41"/>
    </date>
    
    <date when="1825-03-04">
        <source uri="faust://bibliography/fischer-lamberg1955">S. 108</source><comment>+-</comment>
        <item uri="faust://document/faustedition/2_III_H.42"/>
    </date>
    
    <date notBefore="1826-03-12">
        <source uri="faust://bibliography/fischer-lamberg1955">S. 109, 163</source>
        <item uri="faust://document/faustedition/2_III_H.43"/>
    </date>
    
    <date notBefore="1824-05-01" notAfter="1825-04-20">
        <source uri="faust://bibliography/fischer-lamberg1955">S. 110</source><comment>"[...] + Mai 1824 [...]"</comment>
        <item uri="faust://document/faustedition/2_III_H.44"/>
    </date>
    
    <date notBefore="1826-03-12">
        <source uri="faust://bibliography/fischer-lamberg1955">S. 111, 108, 109, 164</source>
        <item uri="faust://document/faustedition/2_III_H.45"/>
    </date>
    
    <date when="1826-03-31">
        <source uri="faust://bibliography/fischer-lamberg1955">S. 112</source><comment>+-</comment>
        <item uri="faust://document/faustedition/2_III_H.46"/>
    </date>
    
    <date when="1826-03-31">
        <source uri="faust://bibliography/fischer-lamberg1955">S. 113</source><comment>+-</comment>
        <item uri="faust://document/faustedition/2_III_H.47"/>
    </date>
    
    <date notBefore="1826-02-22">
        <source uri="faust://bibliography/fischer-lamberg1955">S. 117</source>
        <item uri="faust://document/faustedition/2_III_H.53"/>
    </date>
    
    
    <date when="1826-04-22">
        <source uri="faust://bibliography/fischer-lamberg1955">S. 118</source><comment>+-</comment>
        <item uri="faust://document/faustedition/2_III_H.54"/>
    </date>
    
    <date when="1826-04-22">
        <source uri="faust://bibliography/fischer-lamberg1955">S. 119</source><comment>+-</comment>
        <item uri="faust://document/faustedition/2_III_H.56"/>
    </date>
    
    <date notBefore="1825-07-07">
        <source uri="faust://bibliography/fischer-lamberg1955">S. 120</source>
        <item uri="faust://document/faustedition/2_III_H.58"/>
    </date>
    
    <date when="1826-05-03">
        <source uri="faust://bibliography/fischer-lamberg1955">S. 121</source><comment>+-</comment>
        <item uri="faust://document/faustedition/2_III_H.59"/>
    </date>
    
    <date when="1826-06-13">
        <source uri="faust://bibliography/fischer-lamberg1955">S. 123</source>
        <item uri="faust://document/faustedition/2_III_H.60"/>
    </date>
    
    <date when="1826-05-01">
        <source uri="faust://bibliography/fischer-lamberg1955">S. 125</source><comment>+-</comment>
        <item uri="faust://document/faustedition/2_III_H.64"/>
    </date>
    
    <date notBefore="1824-04-12">
        <source uri="faust://bibliography/fischer-lamberg1955">S. 126</source>
        <item uri="faust://document/faustedition/2_III_H.65"/>
    </date>
    
    <date notBefore="1826-05-01">
        <source uri="faust://bibliography/fischer-lamberg1955">S. 128</source><comment>"[...] möchten wir die Entstehung der Faustverse von H.67 mit + Mai 1826 angeben."</comment>
        <item uri="faust://document/faustedition/2_III_H.67"/>
    </date>
    
    <date when="1828-07-02">
        <source uri="faust://bibliography/fischer-lamberg1955">S. 129</source>
        <item uri="faust://document/fischer_lamberg/2_III_H.69_a"/>
    </date>
    
    <date when="1826-06-05">
        <source uri="faust://bibliography/fischer-lamberg1955">S. 129, 130</source><comment>+-</comment>
        <item uri="faust://document/faustedition/2_III_H.70"/>
    </date>
    <date notBefore="1826-04-25">
        <source uri="faust://bibliography/fischer-lamberg1955">S. 131</source>
        <item uri="faust://document/faustedition/2_III_H.71"/>
    </date>
    
    <date notBefore="1826-02-03">
        <source uri="faust://bibliography/fischer-lamberg1955">S. 131</source><comment>"[...] wohl nur im weitesten Sinne zu begreifen."</comment>
        <item uri="faust://document/faustedition/2_III_H.72"/>
    </date>
    <date notBefore="1826-02-03">
        <source uri="faust://bibliography/fischer-lamberg1955">S. 133</source>
        <item uri="faust://document/fischer_lamberg/2_III_H.72_a"/>
    </date>
    <date notAfter="1827-02-06">
        <source uri="faust://bibliography/fischer-lamberg1955">S. 133</source>
        <item uri="faust://document/faustedition/2_III_H.73"/>
    </date>
    <date when="1827-02-16">
        <source uri="faust://bibliography/fischer-lamberg1955">S. 134</source>
        <item uri="faust://document/faustedition/2_III_H.74"/>
    </date>
    
    <date notAfter="1827-03-18">
        <source uri="faust://bibliography/fischer-lamberg1955">S. 135</source>
        <item uri="faust://document/fischer_lamberg/2_III_H.75_a"/>
    </date>
    
    <date when="1826-03-15">
        <source uri="faust://bibliography/fischer-lamberg1955">S. 137</source><comment>+-</comment>
        <item uri="faust://document/faustedition/2_III_H.77"/>
    </date>
    
    <date when="1826-05-24">
        <source uri="faust://bibliography/fischer-lamberg1955">S.138</source><comment>+-</comment>
        <item uri="faust://document/faustedition/2_III_H.78"/>
    </date>
    
    <date notBefore="1826-03-14">
        <source uri="faust://bibliography/fischer-lamberg1955">S. 138</source>
        <item uri="faust://document/faustedition/2_III_H.78a"/>
    </date>
    
    <date notBefore="1826-03-12">
        <source uri="faust://bibliography/fischer-lamberg1955">S. 139, 166</source>
        <item uri="faust://document/faustedition/2_III_H.79"/>
    </date>
    
    <date notBefore="1824-04-13">
        <source uri="faust://bibliography/fischer-lamberg1955">S. 141</source>
        <item uri="faust://document/faustedition/2_III_H.80"/>
    </date>
    
    <date notBefore="1826-04-13">
        <source uri="faust://bibliography/fischer-lamberg1955">S. 141, 111, 164</source>
        <item uri="faust://document/faustedition/2_III_H.46b"/>
    </date>
    
    <date notBefore="1826-02-22">
        <source uri="faust://bibliography/fischer-lamberg1955">S. 142</source><comment>"[...] mit einigem Vorbehalt[...]."</comment>
        <item uri="faust://document/faustedition/2_III_H.50a"/>
    </date>
    
    <date notBefore="1825-04-08">
        <source uri="faust://bibliography/fischer-lamberg1955">S. 143</source>
        <item uri="faust://document/faustedition/2_III_H.59a"/>
    </date>
    
    <date notBefore="1824-04-23" notAfter="1825-04-20">
        <source uri="faust://bibliography/fischer-lamberg1955">S. 144</source>
        <item uri="faust://document/faustedition/2_III_H.44a"/>
    </date>
    
    <date notBefore="1826-03-14">
        <source uri="faust://bibliography/fischer-lamberg1955">S. 146</source>
        <item uri="faust://document/faustedition/2_III_H.48a"/>
    </date>
    
    <date when="1826-04-19">
        <source uri="faust://bibliography/fischer-lamberg1955">S. 147</source><comment>+-</comment>
        <item uri="faust://document/faustedition/2_III_H.50d"/>
    </date>
    
    
    
    
    
    
    
    
    
</macrogenesis>